 -- phpMyAdmin SQL Dump
-- version 5.2.1
-- https://www.phpmyadmin.net/
--
-- Anamakine: localhost:6666
-- Üretim Zamanı: 27 Mar 2025, 15:12:01
-- Sunucu sürümü: 10.4.32-MariaDB
-- PHP Sürümü: 8.2.12

SET SQL_MODE = "NO_AUTO_VALUE_ON_ZERO";
START TRANSACTION;
SET time_zone = "+00:00";


/*!40101 SET @OLD_CHARACTER_SET_CLIENT=@@CHARACTER_SET_CLIENT */;
/*!40101 SET @OLD_CHARACTER_SET_RESULTS=@@CHARACTER_SET_RESULTS */;
/*!40101 SET @OLD_COLLATION_CONNECTION=@@COLLATION_CONNECTION */;
/*!40101 SET NAMES utf8mb4 */;

--
-- Veritabanı: `hospital appointment system`
--

-- --------------------------------------------------------

--
-- Tablo için tablo yapısı `bolumler`
--

CREATE TABLE `bolumler` (
  `bolum_id` bigint(20) UNSIGNED NOT NULL,
  `bolum_adi` varchar(100) NOT NULL
) ENGINE=InnoDB DEFAULT CHARSET=utf8mb4 COLLATE=utf8mb4_general_ci;

--
-- Tablo döküm verisi `bolumler`
--

INSERT INTO `bolumler` (`bolum_id`, `bolum_adi`) VALUES
(1, 'Kardiyoloji'),
(2, 'Ortopedi'),
(3, 'Nöroloji'),
(4, 'Göz Hastalıkları'),
(5, 'Dermatoloji'),
(6, 'Genel Cerrahi'),
(7, 'Üroloji'),
(8, 'Pediatri'),
(9, 'Kadın Hastalıkları ve Doğum'),
(10, 'Psikiyatri');

-- --------------------------------------------------------

--
-- Tablo için tablo yapısı `doktorlar`
--

CREATE TABLE `doktorlar` (
  `doktor_id` bigint(20) UNSIGNED NOT NULL,
  `doktor_adi` varchar(100) NOT NULL,
  `bolum_id` int(11) DEFAULT NULL
) ENGINE=InnoDB DEFAULT CHARSET=utf8mb4 COLLATE=utf8mb4_general_ci;

--
-- Tablo döküm verisi `doktorlar`
--

INSERT INTO `doktorlar` (`doktor_id`, `doktor_adi`, `bolum_id`) VALUES
(1, 'Dr. Ahmet Yılmaz', 1),
(2, 'Dr. Zeynep Karaca', 1),
(3, 'Dr. Mehmet Özkan', 1),
(4, 'Dr. Hasan Demir', 2),
(5, 'Dr. Elif Kurt', 2),
(6, 'Dr. Cenk Yıldırım', 3),
(7, 'Dr. Ayşe Kaya', 3),
(8, 'Dr. Fatma Aydın', 4),
(9, 'Dr. Murat Çelik', 4),
(10, 'Dr. Hakan Can', 5),
(11, 'Dr. Derya Şahin', 5),
(12, 'Dr. Buse Yalçın', 6),
(13, 'Dr. Kadir Ergin', 6),
(14, 'Dr. Selin Çevik', 7),
(15, 'Dr. Onur Şen', 7),
(16, 'Dr. Burak Aksoy', 8),
(17, 'Dr. Nehir Güneş', 8),
(18, 'Dr. Merve Toprak', 9),
(19, 'Dr. Ege Koç', 9),
(20, 'Dr. Aslıhan Doğan', 10),
(21, 'Dr. Cem Tunç', 10);

-- --------------------------------------------------------

--
-- Tablo için tablo yapısı `hastalar`
--

CREATE TABLE `hastalar` (
  `sayi` int(11) DEFAULT NULL,
  `ad` varchar(50) DEFAULT NULL,
  `soyad` varchar(50) DEFAULT NULL,
  `cinsiyet` varchar(10) DEFAULT NULL,
  `ulke` varchar(50) DEFAULT NULL,
  `yas` int(11) DEFAULT NULL,
  `kayit_tarihi` date DEFAULT NULL,
  `hasta_no` varchar(20) NOT NULL
) ENGINE=InnoDB DEFAULT CHARSET=utf8mb4 COLLATE=utf8mb4_turkish_ci;

--
-- Tablo döküm verisi `hastalar`
--

INSERT INTO `hastalar` (`sayi`, `ad`, `soyad`, `cinsiyet`, `ulke`, `yas`, `kayit_tarihi`, `hasta_no`) VALUES
(1, 'Dulce', 'Abril', 'Female', 'United States', 32, '2017-10-15', '10000'),
(2, 'Mara', 'Hashimoto', 'Female', 'Great Britain', 25, '2016-08-16', '10001'),
(3, 'Philip', 'Gent', 'Male', 'France', 36, '2015-05-21', '10002'),
(4, 'Kathleen', 'Hanner', 'Female', 'United States', 25, '2017-10-15', '10003'),
(5, 'Nereida', 'Magwood', 'Female', 'United States', 58, '2016-08-16', '10004'),
(6, 'Gaston', 'Brumm', 'Male', 'United States', 24, '2015-05-21', '10005'),
(7, 'Etta', 'Hurn', 'Female', 'Great Britain', 56, '2017-10-15', '10006'),
(8, 'Earlean', 'Melgar', 'Female', 'United States', 27, '2016-08-16', '10007'),
(9, 'Vincenza', 'Weiland', 'Female', 'United States', 40, '2015-05-21', '10008'),
(10, 'Fallon', 'Winward', 'Female', 'Great Britain', 28, '2016-08-16', '10009'),
(11, 'Arcelia', 'Bouska', 'Female', 'Great Britain', 39, '2015-05-21', '10010'),
(12, 'Franklyn', 'Unknow', 'Male', 'France', 38, '2017-10-15', '10011'),
(13, 'Sherron', 'Ascencio', 'Female', 'Great Britain', 32, '2016-08-16', '10012'),
(14, 'Marcel', 'Zabriskie', 'Male', 'Great Britain', 26, '2015-05-21', '10013'),
(15, 'Kina', 'Hazelton', 'Female', 'Great Britain', 31, '2016-08-16', '10014'),
(16, 'Shavonne', 'Pia', 'Female', 'France', 24, '2015-05-21', '10015'),
(17, 'Shavon', 'Benito', 'Female', 'France', 39, '2017-10-15', '10016'),
(18, 'Lauralee', 'Perrine', 'Female', 'Great Britain', 28, '2016-08-16', '10017'),
(19, 'Loreta', 'Curren', 'Female', 'France', 26, '2015-05-21', '10018'),
(20, 'Teresa', 'Strawn', 'Female', 'France', 46, '2015-05-21', '10019'),
(21, 'Belinda', 'Partain', 'Female', 'United States', 37, '2017-10-15', '10020'),
(22, 'Holly', 'Eudy', 'Female', 'United States', 52, '2016-08-16', '10021'),
(23, 'Many', 'Cuccia', 'Female', 'Great Britain', 46, '2015-05-21', '10022'),
(24, 'Libbie', 'Dalby', 'Female', 'France', 42, '2015-05-21', '10023'),
(25, 'Lester', 'Prothro', 'Male', 'France', 21, '2017-10-15', '10024'),
(26, 'Marvel', 'Hail', 'Female', 'Great Britain', 28, '2016-08-16', '10025'),
(27, 'Angelyn', 'Vong', 'Female', 'United States', 29, '2015-05-21', '10026'),
(28, 'Francesca', 'Beaudreau', 'Female', 'France', 23, '2017-10-15', '10027'),
(29, 'Garth', 'Gangi', 'Male', 'United States', 41, '2016-08-16', '10028'),
(30, 'Carla', 'Trumbull', 'Female', 'Great Britain', 28, '2015-05-21', '10029'),
(31, 'Veta', 'Muntz', 'Female', 'Great Britain', 37, '2017-10-15', '10030'),
(32, 'Stasia', 'Becker', 'Female', 'Great Britain', 34, '2016-08-16', '10031'),
(33, 'Jona', 'Grindle', 'Female', 'Great Britain', 26, '2015-05-21', '10032'),
(34, 'Judie', 'Claywell', 'Female', 'France', 35, '2016-08-16', '10033'),
(35, 'Dewitt', 'Borger', 'Male', 'United States', 36, '2015-05-21', '10034'),
(36, 'Nena', 'Hacker', 'Female', 'United States', 29, '2017-10-15', '10035'),
(37, 'Kelsie', 'Wachtel', 'Female', 'France', 27, '2016-08-16', '10036'),
(38, 'Sau', 'Pfau', 'Female', 'United States', 25, '2015-05-21', '10037'),
(39, 'Shanice', 'Mccrystal', 'Female', 'United States', 36, '2015-05-21', '10038'),
(40, 'Chase', 'Karner', 'Male', 'United States', 37, '2017-10-15', '10039'),
(41, 'Tommie', 'Underdahl', 'Male', 'United States', 26, '2016-08-16', '10040'),
(42, 'Dorcas', 'Darity', 'Female', 'United States', 37, '2015-05-21', '10041'),
(43, 'Angel', 'Sanor', 'Male', 'France', 24, '2017-10-15', '10042'),
(44, 'Willodean', 'Harn', 'Female', 'United States', 39, '2016-08-16', '10043'),
(45, 'Weston', 'Martina', 'Male', 'United States', 26, '2015-05-21', '10044'),
(46, 'Roma', 'Lafollette', 'Female', 'United States', 34, '2017-10-15', '10045'),
(47, 'Felisa', 'Cail', 'Female', 'United States', 28, '2016-08-16', '10046'),
(48, 'Demetria', 'Abbey', 'Female', 'United States', 32, '2015-05-21', '10047'),
(49, 'Jeromy', 'Danz', 'Male', 'United States', 39, '2017-10-15', '10048'),
(50, 'Rasheeda', 'Alkire', 'Female', 'United States', 29, '2016-08-16', '10049'),
(51, 'Dulce', 'Abril', 'Female', 'United States', 32, '2017-10-15', '10050'),
(52, 'Mara', 'Hashimoto', 'Female', 'Great Britain', 25, '2016-08-16', '10051'),
(53, 'Philip', 'Gent', 'Male', 'France', 36, '2015-05-21', '10052'),
(54, 'Kathleen', 'Hanner', 'Female', 'United States', 25, '2017-10-15', '10053'),
(55, 'Nereida', 'Magwood', 'Female', 'United States', 58, '2016-08-16', '10054'),
(56, 'Gaston', 'Brumm', 'Male', 'United States', 24, '2015-05-21', '10055'),
(57, 'Etta', 'Hurn', 'Female', 'Great Britain', 56, '2017-10-15', '10056'),
(58, 'Earlean', 'Melgar', 'Female', 'United States', 27, '2016-08-16', '10057'),
(59, 'Vincenza', 'Weiland', 'Female', 'United States', 40, '2015-05-21', '10058'),
(60, 'Fallon', 'Winward', 'Female', 'Great Britain', 28, '2016-08-16', '10059'),
(61, 'Arcelia', 'Bouska', 'Female', 'Great Britain', 39, '2015-05-21', '10060'),
(62, 'Franklyn', 'Unknow', 'Male', 'France', 38, '2017-10-15', '10061'),
(63, 'Sherron', 'Ascencio', 'Female', 'Great Britain', 32, '2016-08-16', '10062'),
(64, 'Marcel', 'Zabriskie', 'Male', 'Great Britain', 26, '2015-05-21', '10063'),
(65, 'Kina', 'Hazelton', 'Female', 'Great Britain', 31, '2016-08-16', '10064'),
(66, 'Shavonne', 'Pia', 'Female', 'France', 24, '2015-05-21', '10065'),
(67, 'Shavon', 'Benito', 'Female', 'France', 39, '2017-10-15', '10066'),
(68, 'Lauralee', 'Perrine', 'Female', 'Great Britain', 28, '2016-08-16', '10067'),
(69, 'Loreta', 'Curren', 'Female', 'France', 26, '2015-05-21', '10068'),
(70, 'Teresa', 'Strawn', 'Female', 'France', 46, '2015-05-21', '10069'),
(71, 'Belinda', 'Partain', 'Female', 'United States', 37, '2017-10-15', '10070'),
(72, 'Holly', 'Eudy', 'Female', 'United States', 52, '2016-08-16', '10071'),
(73, 'Many', 'Cuccia', 'Female', 'Great Britain', 46, '2015-05-21', '10072'),
(74, 'Libbie', 'Dalby', 'Female', 'France', 42, '2015-05-21', '10073'),
(75, 'Lester', 'Prothro', 'Male', 'France', 21, '2017-10-15', '10074'),
(76, 'Marvel', 'Hail', 'Female', 'Great Britain', 28, '2016-08-16', '10075'),
(77, 'Angelyn', 'Vong', 'Female', 'United States', 29, '2015-05-21', '10076'),
(78, 'Francesca', 'Beaudreau', 'Female', 'France', 23, '2017-10-15', '10077'),
(79, 'Garth', 'Gangi', 'Male', 'United States', 41, '2016-08-16', '10078'),
(80, 'Carla', 'Trumbull', 'Female', 'Great Britain', 28, '2015-05-21', '10079'),
(81, 'Veta', 'Muntz', 'Female', 'Great Britain', 37, '2017-10-15', '10080'),
(82, 'Stasia', 'Becker', 'Female', 'Great Britain', 34, '2016-08-16', '10081'),
(83, 'Jona', 'Grindle', 'Female', 'Great Britain', 26, '2015-05-21', '10082'),
(84, 'Judie', 'Claywell', 'Female', 'France', 35, '2016-08-16', '10083'),
(85, 'Dewitt', 'Borger', 'Male', 'United States', 36, '2015-05-21', '10084'),
(86, 'Nena', 'Hacker', 'Female', 'United States', 29, '2017-10-15', '10085'),
(87, 'Kelsie', 'Wachtel', 'Female', 'France', 27, '2016-08-16', '10086'),
(88, 'Sau', 'Pfau', 'Female', 'United States', 25, '2015-05-21', '10087'),
(89, 'Shanice', 'Mccrystal', 'Female', 'United States', 36, '2015-05-21', '10088'),
(90, 'Chase', 'Karner', 'Male', 'United States', 37, '2017-10-15', '10089'),
(91, 'Tommie', 'Underdahl', 'Male', 'United States', 26, '2016-08-16', '10090'),
(92, 'Dorcas', 'Darity', 'Female', 'United States', 37, '2015-05-21', '10091'),
(93, 'Angel', 'Sanor', 'Male', 'France', 24, '2017-10-15', '10092'),
(94, 'Willodean', 'Harn', 'Female', 'United States', 39, '2016-08-16', '10093'),
(95, 'Weston', 'Martina', 'Male', 'United States', 26, '2015-05-21', '10094'),
(96, 'Roma', 'Lafollette', 'Female', 'United States', 34, '2017-10-15', '10095'),
(97, 'Felisa', 'Cail', 'Female', 'United States', 28, '2016-08-16', '10096'),
(98, 'Demetria', 'Abbey', 'Female', 'United States', 32, '2015-05-21', '10097'),
(99, 'Jeromy', 'Danz', 'Male', 'United States', 39, '2017-10-15', '10098'),
(100, 'Rasheeda', 'Alkire', 'Female', 'United States', 29, '2016-08-16', '10099'),
(101, 'Dulce', 'Abril', 'Female', 'United States', 32, '2017-10-15', '10100'),
(102, 'Mara', 'Hashimoto', 'Female', 'Great Britain', 25, '2016-08-16', '10101'),
(103, 'Philip', 'Gent', 'Male', 'France', 36, '2015-05-21', '10102'),
(104, 'Kathleen', 'Hanner', 'Female', 'United States', 25, '2017-10-15', '10103'),
(105, 'Nereida', 'Magwood', 'Female', 'United States', 58, '2016-08-16', '10104'),
(106, 'Gaston', 'Brumm', 'Male', 'United States', 24, '2015-05-21', '10105'),
(107, 'Etta', 'Hurn', 'Female', 'Great Britain', 56, '2017-10-15', '10106'),
(108, 'Earlean', 'Melgar', 'Female', 'United States', 27, '2016-08-16', '10107'),
(109, 'Vincenza', 'Weiland', 'Female', 'United States', 40, '2015-05-21', '10108'),
(110, 'Fallon', 'Winward', 'Female', 'Great Britain', 28, '2016-08-16', '10109'),
(111, 'Arcelia', 'Bouska', 'Female', 'Great Britain', 39, '2015-05-21', '10110'),
(112, 'Franklyn', 'Unknow', 'Male', 'France', 38, '2017-10-15', '10111'),
(113, 'Sherron', 'Ascencio', 'Female', 'Great Britain', 32, '2016-08-16', '10112'),
(114, 'Marcel', 'Zabriskie', 'Male', 'Great Britain', 26, '2015-05-21', '10113'),
(115, 'Kina', 'Hazelton', 'Female', 'Great Britain', 31, '2016-08-16', '10114'),
(116, 'Shavonne', 'Pia', 'Female', 'France', 24, '2015-05-21', '10115'),
(117, 'Shavon', 'Benito', 'Female', 'France', 39, '2017-10-15', '10116'),
(118, 'Lauralee', 'Perrine', 'Female', 'Great Britain', 28, '2016-08-16', '10117'),
(119, 'Loreta', 'Curren', 'Female', 'France', 26, '2015-05-21', '10118'),
(120, 'Teresa', 'Strawn', 'Female', 'France', 46, '2015-05-21', '10119'),
(121, 'Belinda', 'Partain', 'Female', 'United States', 37, '2017-10-15', '10120'),
(122, 'Holly', 'Eudy', 'Female', 'United States', 52, '2016-08-16', '10121'),
(123, 'Many', 'Cuccia', 'Female', 'Great Britain', 46, '2015-05-21', '10122'),
(124, 'Libbie', 'Dalby', 'Female', 'France', 42, '2015-05-21', '10123'),
(125, 'Lester', 'Prothro', 'Male', 'France', 21, '2017-10-15', '10124'),
(126, 'Marvel', 'Hail', 'Female', 'Great Britain', 28, '2016-08-16', '10125'),
(127, 'Angelyn', 'Vong', 'Female', 'United States', 29, '2015-05-21', '10126'),
(128, 'Francesca', 'Beaudreau', 'Female', 'France', 23, '2017-10-15', '10127'),
(129, 'Garth', 'Gangi', 'Male', 'United States', 41, '2016-08-16', '10128'),
(130, 'Carla', 'Trumbull', 'Female', 'Great Britain', 28, '2015-05-21', '10129'),
(131, 'Veta', 'Muntz', 'Female', 'Great Britain', 37, '2017-10-15', '10130'),
(132, 'Stasia', 'Becker', 'Female', 'Great Britain', 34, '2016-08-16', '10131'),
(133, 'Jona', 'Grindle', 'Female', 'Great Britain', 26, '2015-05-21', '10132'),
(134, 'Judie', 'Claywell', 'Female', 'France', 35, '2016-08-16', '10133'),
(135, 'Dewitt', 'Borger', 'Male', 'United States', 36, '2015-05-21', '10134'),
(136, 'Nena', 'Hacker', 'Female', 'United States', 29, '2017-10-15', '10135'),
(137, 'Kelsie', 'Wachtel', 'Female', 'France', 27, '2016-08-16', '10136'),
(138, 'Sau', 'Pfau', 'Female', 'United States', 25, '2015-05-21', '10137'),
(139, 'Shanice', 'Mccrystal', 'Female', 'United States', 36, '2015-05-21', '10138'),
(140, 'Chase', 'Karner', 'Male', 'United States', 37, '2017-10-15', '10139'),
(141, 'Tommie', 'Underdahl', 'Male', 'United States', 26, '2016-08-16', '10140'),
(142, 'Dorcas', 'Darity', 'Female', 'United States', 37, '2015-05-21', '10141'),
(143, 'Angel', 'Sanor', 'Male', 'France', 24, '2017-10-15', '10142'),
(144, 'Willodean', 'Harn', 'Female', 'United States', 39, '2016-08-16', '10143'),
(145, 'Weston', 'Martina', 'Male', 'United States', 26, '2015-05-21', '10144'),
(146, 'Roma', 'Lafollette', 'Female', 'United States', 34, '2017-10-15', '10145'),
(147, 'Felisa', 'Cail', 'Female', 'United States', 28, '2016-08-16', '10146'),
(148, 'Demetria', 'Abbey', 'Female', 'United States', 32, '2015-05-21', '10147'),
(149, 'Jeromy', 'Danz', 'Male', 'United States', 39, '2017-10-15', '10148'),
(150, 'Rasheeda', 'Alkire', 'Female', 'United States', 29, '2016-08-16', '10149'),
(151, 'Dulce', 'Abril', 'Female', 'United States', 32, '2017-10-15', '10150'),
(152, 'Mara', 'Hashimoto', 'Female', 'Great Britain', 25, '2016-08-16', '10151'),
(153, 'Philip', 'Gent', 'Male', 'France', 36, '2015-05-21', '10152'),
(154, 'Kathleen', 'Hanner', 'Female', 'United States', 25, '2017-10-15', '10153'),
(155, 'Nereida', 'Magwood', 'Female', 'United States', 58, '2016-08-16', '10154'),
(156, 'Gaston', 'Brumm', 'Male', 'United States', 24, '2015-05-21', '10155'),
(157, 'Etta', 'Hurn', 'Female', 'Great Britain', 56, '2017-10-15', '10156'),
(158, 'Earlean', 'Melgar', 'Female', 'United States', 27, '2016-08-16', '10157'),
(159, 'Vincenza', 'Weiland', 'Female', 'United States', 40, '2015-05-21', '10158'),
(160, 'Fallon', 'Winward', 'Female', 'Great Britain', 28, '2016-08-16', '10159'),
(161, 'Arcelia', 'Bouska', 'Female', 'Great Britain', 39, '2015-05-21', '10160'),
(162, 'Franklyn', 'Unknow', 'Male', 'France', 38, '2017-10-15', '10161'),
(163, 'Sherron', 'Ascencio', 'Female', 'Great Britain', 32, '2016-08-16', '10162'),
(164, 'Marcel', 'Zabriskie', 'Male', 'Great Britain', 26, '2015-05-21', '10163'),
(165, 'Kina', 'Hazelton', 'Female', 'Great Britain', 31, '2016-08-16', '10164'),
(166, 'Shavonne', 'Pia', 'Female', 'France', 24, '2015-05-21', '10165'),
(167, 'Shavon', 'Benito', 'Female', 'France', 39, '2017-10-15', '10166'),
(168, 'Lauralee', 'Perrine', 'Female', 'Great Britain', 28, '2016-08-16', '10167'),
(169, 'Loreta', 'Curren', 'Female', 'France', 26, '2015-05-21', '10168'),
(170, 'Teresa', 'Strawn', 'Female', 'France', 46, '2015-05-21', '10169'),
(171, 'Belinda', 'Partain', 'Female', 'United States', 37, '2017-10-15', '10170'),
(172, 'Holly', 'Eudy', 'Female', 'United States', 52, '2016-08-16', '10171'),
(173, 'Many', 'Cuccia', 'Female', 'Great Britain', 46, '2015-05-21', '10172'),
(174, 'Libbie', 'Dalby', 'Female', 'France', 42, '2015-05-21', '10173'),
(175, 'Lester', 'Prothro', 'Male', 'France', 21, '2017-10-15', '10174'),
(176, 'Marvel', 'Hail', 'Female', 'Great Britain', 28, '2016-08-16', '10175'),
(177, 'Angelyn', 'Vong', 'Female', 'United States', 29, '2015-05-21', '10176'),
(178, 'Francesca', 'Beaudreau', 'Female', 'France', 23, '2017-10-15', '10177'),
(179, 'Garth', 'Gangi', 'Male', 'United States', 41, '2016-08-16', '10178'),
(180, 'Carla', 'Trumbull', 'Female', 'Great Britain', 28, '2015-05-21', '10179'),
(181, 'Veta', 'Muntz', 'Female', 'Great Britain', 37, '2017-10-15', '10180'),
(182, 'Stasia', 'Becker', 'Female', 'Great Britain', 34, '2016-08-16', '10181'),
(183, 'Jona', 'Grindle', 'Female', 'Great Britain', 26, '2015-05-21', '10182'),
(184, 'Judie', 'Claywell', 'Female', 'France', 35, '2016-08-16', '10183'),
(185, 'Dewitt', 'Borger', 'Male', 'United States', 36, '2015-05-21', '10184'),
(186, 'Nena', 'Hacker', 'Female', 'United States', 29, '2017-10-15', '10185'),
(187, 'Kelsie', 'Wachtel', 'Female', 'France', 27, '2016-08-16', '10186'),
(188, 'Sau', 'Pfau', 'Female', 'United States', 25, '2015-05-21', '10187'),
(189, 'Shanice', 'Mccrystal', 'Female', 'United States', 36, '2015-05-21', '10188'),
(190, 'Chase', 'Karner', 'Male', 'United States', 37, '2017-10-15', '10189'),
(191, 'Tommie', 'Underdahl', 'Male', 'United States', 26, '2016-08-16', '10190'),
(192, 'Dorcas', 'Darity', 'Female', 'United States', 37, '2015-05-21', '10191'),
(193, 'Angel', 'Sanor', 'Male', 'France', 24, '2017-10-15', '10192'),
(194, 'Willodean', 'Harn', 'Female', 'United States', 39, '2016-08-16', '10193'),
(195, 'Weston', 'Martina', 'Male', 'United States', 26, '2015-05-21', '10194'),
(196, 'Roma', 'Lafollette', 'Female', 'United States', 34, '2017-10-15', '10195'),
(197, 'Felisa', 'Cail', 'Female', 'United States', 28, '2016-08-16', '10196'),
(198, 'Demetria', 'Abbey', 'Female', 'United States', 32, '2015-05-21', '10197'),
(199, 'Jeromy', 'Danz', 'Male', 'United States', 39, '2017-10-15', '10198'),
(200, 'Rasheeda', 'Alkire', 'Female', 'United States', 29, '2016-08-16', '10199'),
(201, 'Dulce', 'Abril', 'Female', 'United States', 32, '2017-10-15', '10200'),
(202, 'Mara', 'Hashimoto', 'Female', 'Great Britain', 25, '2016-08-16', '10201'),
(203, 'Philip', 'Gent', 'Male', 'France', 36, '2015-05-21', '10202'),
(204, 'Kathleen', 'Hanner', 'Female', 'United States', 25, '2017-10-15', '10203'),
(205, 'Nereida', 'Magwood', 'Female', 'United States', 58, '2016-08-16', '10204'),
(206, 'Gaston', 'Brumm', 'Male', 'United States', 24, '2015-05-21', '10205'),
(207, 'Etta', 'Hurn', 'Female', 'Great Britain', 56, '2017-10-15', '10206'),
(208, 'Earlean', 'Melgar', 'Female', 'United States', 27, '2016-08-16', '10207'),
(209, 'Vincenza', 'Weiland', 'Female', 'United States', 40, '2015-05-21', '10208'),
(210, 'Fallon', 'Winward', 'Female', 'Great Britain', 28, '2016-08-16', '10209'),
(211, 'Arcelia', 'Bouska', 'Female', 'Great Britain', 39, '2015-05-21', '10210'),
(212, 'Franklyn', 'Unknow', 'Male', 'France', 38, '2017-10-15', '10211'),
(213, 'Sherron', 'Ascencio', 'Female', 'Great Britain', 32, '2016-08-16', '10212'),
(214, 'Marcel', 'Zabriskie', 'Male', 'Great Britain', 26, '2015-05-21', '10213'),
(215, 'Kina', 'Hazelton', 'Female', 'Great Britain', 31, '2016-08-16', '10214'),
(216, 'Shavonne', 'Pia', 'Female', 'France', 24, '2015-05-21', '10215'),
(217, 'Shavon', 'Benito', 'Female', 'France', 39, '2017-10-15', '10216'),
(218, 'Lauralee', 'Perrine', 'Female', 'Great Britain', 28, '2016-08-16', '10217'),
(219, 'Loreta', 'Curren', 'Female', 'France', 26, '2015-05-21', '10218'),
(220, 'Teresa', 'Strawn', 'Female', 'France', 46, '2015-05-21', '10219'),
(221, 'Belinda', 'Partain', 'Female', 'United States', 37, '2017-10-15', '10220'),
(222, 'Holly', 'Eudy', 'Female', 'United States', 52, '2016-08-16', '10221'),
(223, 'Many', 'Cuccia', 'Female', 'Great Britain', 46, '2015-05-21', '10222'),
(224, 'Libbie', 'Dalby', 'Female', 'France', 42, '2015-05-21', '10223'),
(225, 'Lester', 'Prothro', 'Male', 'France', 21, '2017-10-15', '10224'),
(226, 'Marvel', 'Hail', 'Female', 'Great Britain', 28, '2016-08-16', '10225'),
(227, 'Angelyn', 'Vong', 'Female', 'United States', 29, '2015-05-21', '10226'),
(228, 'Francesca', 'Beaudreau', 'Female', 'France', 23, '2017-10-15', '10227'),
(229, 'Garth', 'Gangi', 'Male', 'United States', 41, '2016-08-16', '10228'),
(230, 'Carla', 'Trumbull', 'Female', 'Great Britain', 28, '2015-05-21', '10229'),
(231, 'Veta', 'Muntz', 'Female', 'Great Britain', 37, '2017-10-15', '10230'),
(232, 'Stasia', 'Becker', 'Female', 'Great Britain', 34, '2016-08-16', '10231'),
(233, 'Jona', 'Grindle', 'Female', 'Great Britain', 26, '2015-05-21', '10232'),
(234, 'Judie', 'Claywell', 'Female', 'France', 35, '2016-08-16', '10233'),
(235, 'Dewitt', 'Borger', 'Male', 'United States', 36, '2015-05-21', '10234'),
(236, 'Nena', 'Hacker', 'Female', 'United States', 29, '2017-10-15', '10235'),
(237, 'Kelsie', 'Wachtel', 'Female', 'France', 27, '2016-08-16', '10236'),
(238, 'Sau', 'Pfau', 'Female', 'United States', 25, '2015-05-21', '10237'),
(239, 'Shanice', 'Mccrystal', 'Female', 'United States', 36, '2015-05-21', '10238'),
(240, 'Chase', 'Karner', 'Male', 'United States', 37, '2017-10-15', '10239'),
(241, 'Tommie', 'Underdahl', 'Male', 'United States', 26, '2016-08-16', '10240'),
(242, 'Dorcas', 'Darity', 'Female', 'United States', 37, '2015-05-21', '10241'),
(243, 'Angel', 'Sanor', 'Male', 'France', 24, '2017-10-15', '10242'),
(244, 'Willodean', 'Harn', 'Female', 'United States', 39, '2016-08-16', '10243'),
(245, 'Weston', 'Martina', 'Male', 'United States', 26, '2015-05-21', '10244'),
(246, 'Roma', 'Lafollette', 'Female', 'United States', 34, '2017-10-15', '10245'),
(247, 'Felisa', 'Cail', 'Female', 'United States', 28, '2016-08-16', '10246'),
(248, 'Demetria', 'Abbey', 'Female', 'United States', 32, '2015-05-21', '10247'),
(249, 'Jeromy', 'Danz', 'Male', 'United States', 39, '2017-10-15', '10248'),
(250, 'Rasheeda', 'Alkire', 'Female', 'United States', 29, '2016-08-16', '10249'),
(251, 'Dulce', 'Abril', 'Female', 'United States', 32, '2017-10-15', '10250'),
(252, 'Mara', 'Hashimoto', 'Female', 'Great Britain', 25, '2016-08-16', '10251'),
(253, 'Philip', 'Gent', 'Male', 'France', 36, '2015-05-21', '10252'),
(254, 'Kathleen', 'Hanner', 'Female', 'United States', 25, '2017-10-15', '10253'),
(255, 'Nereida', 'Magwood', 'Female', 'United States', 58, '2016-08-16', '10254'),
(256, 'Gaston', 'Brumm', 'Male', 'United States', 24, '2015-05-21', '10255'),
(257, 'Etta', 'Hurn', 'Female', 'Great Britain', 56, '2017-10-15', '10256'),
(258, 'Earlean', 'Melgar', 'Female', 'United States', 27, '2016-08-16', '10257'),
(259, 'Vincenza', 'Weiland', 'Female', 'United States', 40, '2015-05-21', '10258'),
(260, 'Fallon', 'Winward', 'Female', 'Great Britain', 28, '2016-08-16', '10259'),
(261, 'Arcelia', 'Bouska', 'Female', 'Great Britain', 39, '2015-05-21', '10260'),
(262, 'Franklyn', 'Unknow', 'Male', 'France', 38, '2017-10-15', '10261'),
(263, 'Sherron', 'Ascencio', 'Female', 'Great Britain', 32, '2016-08-16', '10262'),
(264, 'Marcel', 'Zabriskie', 'Male', 'Great Britain', 26, '2015-05-21', '10263'),
(265, 'Kina', 'Hazelton', 'Female', 'Great Britain', 31, '2016-08-16', '10264'),
(266, 'Shavonne', 'Pia', 'Female', 'France', 24, '2015-05-21', '10265'),
(267, 'Shavon', 'Benito', 'Female', 'France', 39, '2017-10-15', '10266'),
(268, 'Lauralee', 'Perrine', 'Female', 'Great Britain', 28, '2016-08-16', '10267'),
(269, 'Loreta', 'Curren', 'Female', 'France', 26, '2015-05-21', '10268'),
(270, 'Teresa', 'Strawn', 'Female', 'France', 46, '2015-05-21', '10269'),
(271, 'Belinda', 'Partain', 'Female', 'United States', 37, '2017-10-15', '10270'),
(272, 'Holly', 'Eudy', 'Female', 'United States', 52, '2016-08-16', '10271'),
(273, 'Many', 'Cuccia', 'Female', 'Great Britain', 46, '2015-05-21', '10272'),
(274, 'Libbie', 'Dalby', 'Female', 'France', 42, '2015-05-21', '10273'),
(275, 'Lester', 'Prothro', 'Male', 'France', 21, '2017-10-15', '10274'),
(276, 'Marvel', 'Hail', 'Female', 'Great Britain', 28, '2016-08-16', '10275'),
(277, 'Angelyn', 'Vong', 'Female', 'United States', 29, '2015-05-21', '10276'),
(278, 'Francesca', 'Beaudreau', 'Female', 'France', 23, '2017-10-15', '10277'),
(279, 'Garth', 'Gangi', 'Male', 'United States', 41, '2016-08-16', '10278'),
(280, 'Carla', 'Trumbull', 'Female', 'Great Britain', 28, '2015-05-21', '10279'),
(281, 'Veta', 'Muntz', 'Female', 'Great Britain', 37, '2017-10-15', '10280'),
(282, 'Stasia', 'Becker', 'Female', 'Great Britain', 34, '2016-08-16', '10281'),
(283, 'Jona', 'Grindle', 'Female', 'Great Britain', 26, '2015-05-21', '10282'),
(284, 'Judie', 'Claywell', 'Female', 'France', 35, '2016-08-16', '10283'),
(285, 'Dewitt', 'Borger', 'Male', 'United States', 36, '2015-05-21', '10284'),
(286, 'Nena', 'Hacker', 'Female', 'United States', 29, '2017-10-15', '10285'),
(287, 'Kelsie', 'Wachtel', 'Female', 'France', 27, '2016-08-16', '10286'),
(288, 'Sau', 'Pfau', 'Female', 'United States', 25, '2015-05-21', '10287'),
(289, 'Shanice', 'Mccrystal', 'Female', 'United States', 36, '2015-05-21', '10288'),
(290, 'Chase', 'Karner', 'Male', 'United States', 37, '2017-10-15', '10289'),
(291, 'Tommie', 'Underdahl', 'Male', 'United States', 26, '2016-08-16', '10290'),
(292, 'Dorcas', 'Darity', 'Female', 'United States', 37, '2015-05-21', '10291'),
(293, 'Angel', 'Sanor', 'Male', 'France', 24, '2017-10-15', '10292'),
(294, 'Willodean', 'Harn', 'Female', 'United States', 39, '2016-08-16', '10293'),
(295, 'Weston', 'Martina', 'Male', 'United States', 26, '2015-05-21', '10294'),
(296, 'Roma', 'Lafollette', 'Female', 'United States', 34, '2017-10-15', '10295'),
(297, 'Felisa', 'Cail', 'Female', 'United States', 28, '2016-08-16', '10296'),
(298, 'Demetria', 'Abbey', 'Female', 'United States', 32, '2015-05-21', '10297'),
(299, 'Jeromy', 'Danz', 'Male', 'United States', 39, '2017-10-15', '10298'),
(300, 'Rasheeda', 'Alkire', 'Female', 'United States', 29, '2016-08-16', '10299'),
(301, 'Dulce', 'Abril', 'Female', 'United States', 32, '2017-10-15', '10300'),
(302, 'Mara', 'Hashimoto', 'Female', 'Great Britain', 25, '2016-08-16', '10301'),
(303, 'Philip', 'Gent', 'Male', 'France', 36, '2015-05-21', '10302'),
(304, 'Kathleen', 'Hanner', 'Female', 'United States', 25, '2017-10-15', '10303'),
(305, 'Nereida', 'Magwood', 'Female', 'United States', 58, '2016-08-16', '10304'),
(306, 'Gaston', 'Brumm', 'Male', 'United States', 24, '2015-05-21', '10305'),
(307, 'Etta', 'Hurn', 'Female', 'Great Britain', 56, '2017-10-15', '10306'),
(308, 'Earlean', 'Melgar', 'Female', 'United States', 27, '2016-08-16', '10307'),
(309, 'Vincenza', 'Weiland', 'Female', 'United States', 40, '2015-05-21', '10308'),
(310, 'Fallon', 'Winward', 'Female', 'Great Britain', 28, '2016-08-16', '10309'),
(311, 'Arcelia', 'Bouska', 'Female', 'Great Britain', 39, '2015-05-21', '10310'),
(312, 'Franklyn', 'Unknow', 'Male', 'France', 38, '2017-10-15', '10311'),
(313, 'Sherron', 'Ascencio', 'Female', 'Great Britain', 32, '2016-08-16', '10312'),
(314, 'Marcel', 'Zabriskie', 'Male', 'Great Britain', 26, '2015-05-21', '10313'),
(315, 'Kina', 'Hazelton', 'Female', 'Great Britain', 31, '2016-08-16', '10314'),
(316, 'Shavonne', 'Pia', 'Female', 'France', 24, '2015-05-21', '10315'),
(317, 'Shavon', 'Benito', 'Female', 'France', 39, '2017-10-15', '10316'),
(318, 'Lauralee', 'Perrine', 'Female', 'Great Britain', 28, '2016-08-16', '10317'),
(319, 'Loreta', 'Curren', 'Female', 'France', 26, '2015-05-21', '10318'),
(320, 'Teresa', 'Strawn', 'Female', 'France', 46, '2015-05-21', '10319'),
(321, 'Belinda', 'Partain', 'Female', 'United States', 37, '2017-10-15', '10320'),
(322, 'Holly', 'Eudy', 'Female', 'United States', 52, '2016-08-16', '10321'),
(323, 'Many', 'Cuccia', 'Female', 'Great Britain', 46, '2015-05-21', '10322'),
(324, 'Libbie', 'Dalby', 'Female', 'France', 42, '2015-05-21', '10323'),
(325, 'Lester', 'Prothro', 'Male', 'France', 21, '2017-10-15', '10324'),
(326, 'Marvel', 'Hail', 'Female', 'Great Britain', 28, '2016-08-16', '10325'),
(327, 'Angelyn', 'Vong', 'Female', 'United States', 29, '2015-05-21', '10326'),
(328, 'Francesca', 'Beaudreau', 'Female', 'France', 23, '2017-10-15', '10327'),
(329, 'Garth', 'Gangi', 'Male', 'United States', 41, '2016-08-16', '10328'),
(330, 'Carla', 'Trumbull', 'Female', 'Great Britain', 28, '2015-05-21', '10329'),
(331, 'Veta', 'Muntz', 'Female', 'Great Britain', 37, '2017-10-15', '10330'),
(332, 'Stasia', 'Becker', 'Female', 'Great Britain', 34, '2016-08-16', '10331'),
(333, 'Jona', 'Grindle', 'Female', 'Great Britain', 26, '2015-05-21', '10332'),
(334, 'Judie', 'Claywell', 'Female', 'France', 35, '2016-08-16', '10333'),
(335, 'Dewitt', 'Borger', 'Male', 'United States', 36, '2015-05-21', '10334'),
(336, 'Nena', 'Hacker', 'Female', 'United States', 29, '2017-10-15', '10335'),
(337, 'Kelsie', 'Wachtel', 'Female', 'France', 27, '2016-08-16', '10336'),
(338, 'Sau', 'Pfau', 'Female', 'United States', 25, '2015-05-21', '10337'),
(339, 'Shanice', 'Mccrystal', 'Female', 'United States', 36, '2015-05-21', '10338'),
(340, 'Chase', 'Karner', 'Male', 'United States', 37, '2017-10-15', '10339'),
(341, 'Tommie', 'Underdahl', 'Male', 'United States', 26, '2016-08-16', '10340'),
(342, 'Dorcas', 'Darity', 'Female', 'United States', 37, '2015-05-21', '10341'),
(343, 'Angel', 'Sanor', 'Male', 'France', 24, '2017-10-15', '10342'),
(344, 'Willodean', 'Harn', 'Female', 'United States', 39, '2016-08-16', '10343'),
(345, 'Weston', 'Martina', 'Male', 'United States', 26, '2015-05-21', '10344'),
(346, 'Roma', 'Lafollette', 'Female', 'United States', 34, '2017-10-15', '10345'),
(347, 'Felisa', 'Cail', 'Female', 'United States', 28, '2016-08-16', '10346'),
(348, 'Demetria', 'Abbey', 'Female', 'United States', 32, '2015-05-21', '10347'),
(349, 'Jeromy', 'Danz', 'Male', 'United States', 39, '2017-10-15', '10348'),
(350, 'Rasheeda', 'Alkire', 'Female', 'United States', 29, '2016-08-16', '10349'),
(351, 'Dulce', 'Abril', 'Female', 'United States', 32, '2017-10-15', '10350'),
(352, 'Mara', 'Hashimoto', 'Female', 'Great Britain', 25, '2016-08-16', '10351'),
(353, 'Philip', 'Gent', 'Male', 'France', 36, '2015-05-21', '10352'),
(354, 'Kathleen', 'Hanner', 'Female', 'United States', 25, '2017-10-15', '10353'),
(355, 'Nereida', 'Magwood', 'Female', 'United States', 58, '2016-08-16', '10354'),
(356, 'Gaston', 'Brumm', 'Male', 'United States', 24, '2015-05-21', '10355'),
(357, 'Etta', 'Hurn', 'Female', 'Great Britain', 56, '2017-10-15', '10356'),
(358, 'Earlean', 'Melgar', 'Female', 'United States', 27, '2016-08-16', '10357'),
(359, 'Vincenza', 'Weiland', 'Female', 'United States', 40, '2015-05-21', '10358'),
(360, 'Fallon', 'Winward', 'Female', 'Great Britain', 28, '2016-08-16', '10359'),
(361, 'Arcelia', 'Bouska', 'Female', 'Great Britain', 39, '2015-05-21', '10360'),
(362, 'Franklyn', 'Unknow', 'Male', 'France', 38, '2017-10-15', '10361'),
(363, 'Sherron', 'Ascencio', 'Female', 'Great Britain', 32, '2016-08-16', '10362'),
(364, 'Marcel', 'Zabriskie', 'Male', 'Great Britain', 26, '2015-05-21', '10363'),
(365, 'Kina', 'Hazelton', 'Female', 'Great Britain', 31, '2016-08-16', '10364'),
(366, 'Shavonne', 'Pia', 'Female', 'France', 24, '2015-05-21', '10365'),
(367, 'Shavon', 'Benito', 'Female', 'France', 39, '2017-10-15', '10366'),
(368, 'Lauralee', 'Perrine', 'Female', 'Great Britain', 28, '2016-08-16', '10367'),
(369, 'Loreta', 'Curren', 'Female', 'France', 26, '2015-05-21', '10368'),
(370, 'Teresa', 'Strawn', 'Female', 'France', 46, '2015-05-21', '10369'),
(371, 'Belinda', 'Partain', 'Female', 'United States', 37, '2017-10-15', '10370'),
(372, 'Holly', 'Eudy', 'Female', 'United States', 52, '2016-08-16', '10371'),
(373, 'Many', 'Cuccia', 'Female', 'Great Britain', 46, '2015-05-21', '10372'),
(374, 'Libbie', 'Dalby', 'Female', 'France', 42, '2015-05-21', '10373'),
(375, 'Lester', 'Prothro', 'Male', 'France', 21, '2017-10-15', '10374'),
(376, 'Marvel', 'Hail', 'Female', 'Great Britain', 28, '2016-08-16', '10375'),
(377, 'Angelyn', 'Vong', 'Female', 'United States', 29, '2015-05-21', '10376'),
(378, 'Francesca', 'Beaudreau', 'Female', 'France', 23, '2017-10-15', '10377'),
(379, 'Garth', 'Gangi', 'Male', 'United States', 41, '2016-08-16', '10378'),
(380, 'Carla', 'Trumbull', 'Female', 'Great Britain', 28, '2015-05-21', '10379'),
(381, 'Veta', 'Muntz', 'Female', 'Great Britain', 37, '2017-10-15', '10380'),
(382, 'Stasia', 'Becker', 'Female', 'Great Britain', 34, '2016-08-16', '10381'),
(383, 'Jona', 'Grindle', 'Female', 'Great Britain', 26, '2015-05-21', '10382'),
(384, 'Judie', 'Claywell', 'Female', 'France', 35, '2016-08-16', '10383'),
(385, 'Dewitt', 'Borger', 'Male', 'United States', 36, '2015-05-21', '10384'),
(386, 'Nena', 'Hacker', 'Female', 'United States', 29, '2017-10-15', '10385'),
(387, 'Kelsie', 'Wachtel', 'Female', 'France', 27, '2016-08-16', '10386'),
(388, 'Sau', 'Pfau', 'Female', 'United States', 25, '2015-05-21', '10387'),
(389, 'Shanice', 'Mccrystal', 'Female', 'United States', 36, '2015-05-21', '10388'),
(390, 'Chase', 'Karner', 'Male', 'United States', 37, '2017-10-15', '10389'),
(391, 'Tommie', 'Underdahl', 'Male', 'United States', 26, '2016-08-16', '10390'),
(392, 'Dorcas', 'Darity', 'Female', 'United States', 37, '2015-05-21', '10391'),
(393, 'Angel', 'Sanor', 'Male', 'France', 24, '2017-10-15', '10392'),
(394, 'Willodean', 'Harn', 'Female', 'United States', 39, '2016-08-16', '10393'),
(395, 'Weston', 'Martina', 'Male', 'United States', 26, '2015-05-21', '10394'),
(396, 'Roma', 'Lafollette', 'Female', 'United States', 34, '2017-10-15', '10395'),
(397, 'Felisa', 'Cail', 'Female', 'United States', 28, '2016-08-16', '10396'),
(398, 'Demetria', 'Abbey', 'Female', 'United States', 32, '2015-05-21', '10397'),
(399, 'Jeromy', 'Danz', 'Male', 'United States', 39, '2017-10-15', '10398'),
(400, 'Rasheeda', 'Alkire', 'Female', 'United States', 29, '2016-08-16', '10399'),
(401, 'Dulce', 'Abril', 'Female', 'United States', 32, '2017-10-15', '10400'),
(402, 'Mara', 'Hashimoto', 'Female', 'Great Britain', 25, '2016-08-16', '10401'),
(403, 'Philip', 'Gent', 'Male', 'France', 36, '2015-05-21', '10402'),
(404, 'Kathleen', 'Hanner', 'Female', 'United States', 25, '2017-10-15', '10403'),
(405, 'Nereida', 'Magwood', 'Female', 'United States', 58, '2016-08-16', '10404'),
(406, 'Gaston', 'Brumm', 'Male', 'United States', 24, '2015-05-21', '10405'),
(407, 'Etta', 'Hurn', 'Female', 'Great Britain', 56, '2017-10-15', '10406'),
(408, 'Earlean', 'Melgar', 'Female', 'United States', 27, '2016-08-16', '10407'),
(409, 'Vincenza', 'Weiland', 'Female', 'United States', 40, '2015-05-21', '10408'),
(410, 'Fallon', 'Winward', 'Female', 'Great Britain', 28, '2016-08-16', '10409'),
(411, 'Arcelia', 'Bouska', 'Female', 'Great Britain', 39, '2015-05-21', '10410'),
(412, 'Franklyn', 'Unknow', 'Male', 'France', 38, '2017-10-15', '10411'),
(413, 'Sherron', 'Ascencio', 'Female', 'Great Britain', 32, '2016-08-16', '10412'),
(414, 'Marcel', 'Zabriskie', 'Male', 'Great Britain', 26, '2015-05-21', '10413'),
(415, 'Kina', 'Hazelton', 'Female', 'Great Britain', 31, '2016-08-16', '10414'),
(416, 'Shavonne', 'Pia', 'Female', 'France', 24, '2015-05-21', '10415'),
(417, 'Shavon', 'Benito', 'Female', 'France', 39, '2017-10-15', '10416'),
(418, 'Lauralee', 'Perrine', 'Female', 'Great Britain', 28, '2016-08-16', '10417'),
(419, 'Loreta', 'Curren', 'Female', 'France', 26, '2015-05-21', '10418'),
(420, 'Teresa', 'Strawn', 'Female', 'France', 46, '2015-05-21', '10419'),
(421, 'Belinda', 'Partain', 'Female', 'United States', 37, '2017-10-15', '10420'),
(422, 'Holly', 'Eudy', 'Female', 'United States', 52, '2016-08-16', '10421'),
(423, 'Many', 'Cuccia', 'Female', 'Great Britain', 46, '2015-05-21', '10422'),
(424, 'Libbie', 'Dalby', 'Female', 'France', 42, '2015-05-21', '10423'),
(425, 'Lester', 'Prothro', 'Male', 'France', 21, '2017-10-15', '10424'),
(426, 'Marvel', 'Hail', 'Female', 'Great Britain', 28, '2016-08-16', '10425'),
(427, 'Angelyn', 'Vong', 'Female', 'United States', 29, '2015-05-21', '10426'),
(428, 'Francesca', 'Beaudreau', 'Female', 'France', 23, '2017-10-15', '10427'),
(429, 'Garth', 'Gangi', 'Male', 'United States', 41, '2016-08-16', '10428'),
(430, 'Carla', 'Trumbull', 'Female', 'Great Britain', 28, '2015-05-21', '10429'),
(431, 'Veta', 'Muntz', 'Female', 'Great Britain', 37, '2017-10-15', '10430'),
(432, 'Stasia', 'Becker', 'Female', 'Great Britain', 34, '2016-08-16', '10431'),
(433, 'Jona', 'Grindle', 'Female', 'Great Britain', 26, '2015-05-21', '10432'),
(434, 'Judie', 'Claywell', 'Female', 'France', 35, '2016-08-16', '10433'),
(435, 'Dewitt', 'Borger', 'Male', 'United States', 36, '2015-05-21', '10434'),
(436, 'Nena', 'Hacker', 'Female', 'United States', 29, '2017-10-15', '10435'),
(437, 'Kelsie', 'Wachtel', 'Female', 'France', 27, '2016-08-16', '10436'),
(438, 'Sau', 'Pfau', 'Female', 'United States', 25, '2015-05-21', '10437'),
(439, 'Shanice', 'Mccrystal', 'Female', 'United States', 36, '2015-05-21', '10438'),
(440, 'Chase', 'Karner', 'Male', 'United States', 37, '2017-10-15', '10439'),
(441, 'Tommie', 'Underdahl', 'Male', 'United States', 26, '2016-08-16', '10440'),
(442, 'Dorcas', 'Darity', 'Female', 'United States', 37, '2015-05-21', '10441'),
(443, 'Angel', 'Sanor', 'Male', 'France', 24, '2017-10-15', '10442'),
(444, 'Willodean', 'Harn', 'Female', 'United States', 39, '2016-08-16', '10443'),
(445, 'Weston', 'Martina', 'Male', 'United States', 26, '2015-05-21', '10444'),
(446, 'Roma', 'Lafollette', 'Female', 'United States', 34, '2017-10-15', '10445'),
(447, 'Felisa', 'Cail', 'Female', 'United States', 28, '2016-08-16', '10446'),
(448, 'Demetria', 'Abbey', 'Female', 'United States', 32, '2015-05-21', '10447'),
(449, 'Jeromy', 'Danz', 'Male', 'United States', 39, '2017-10-15', '10448'),
(450, 'Rasheeda', 'Alkire', 'Female', 'United States', 29, '2016-08-16', '10449'),
(451, 'Dulce', 'Abril', 'Female', 'United States', 32, '2017-10-15', '10450'),
(452, 'Mara', 'Hashimoto', 'Female', 'Great Britain', 25, '2016-08-16', '10451'),
(453, 'Philip', 'Gent', 'Male', 'France', 36, '2015-05-21', '10452'),
(454, 'Kathleen', 'Hanner', 'Female', 'United States', 25, '2017-10-15', '10453'),
(455, 'Nereida', 'Magwood', 'Female', 'United States', 58, '2016-08-16', '10454'),
(456, 'Gaston', 'Brumm', 'Male', 'United States', 24, '2015-05-21', '10455'),
(457, 'Etta', 'Hurn', 'Female', 'Great Britain', 56, '2017-10-15', '10456'),
(458, 'Earlean', 'Melgar', 'Female', 'United States', 27, '2016-08-16', '10457'),
(459, 'Vincenza', 'Weiland', 'Female', 'United States', 40, '2015-05-21', '10458'),
(460, 'Fallon', 'Winward', 'Female', 'Great Britain', 28, '2016-08-16', '10459'),
(461, 'Arcelia', 'Bouska', 'Female', 'Great Britain', 39, '2015-05-21', '10460'),
(462, 'Franklyn', 'Unknow', 'Male', 'France', 38, '2017-10-15', '10461'),
(463, 'Sherron', 'Ascencio', 'Female', 'Great Britain', 32, '2016-08-16', '10462'),
(464, 'Marcel', 'Zabriskie', 'Male', 'Great Britain', 26, '2015-05-21', '10463'),
(465, 'Kina', 'Hazelton', 'Female', 'Great Britain', 31, '2016-08-16', '10464'),
(466, 'Shavonne', 'Pia', 'Female', 'France', 24, '2015-05-21', '10465'),
(467, 'Shavon', 'Benito', 'Female', 'France', 39, '2017-10-15', '10466'),
(468, 'Lauralee', 'Perrine', 'Female', 'Great Britain', 28, '2016-08-16', '10467'),
(469, 'Loreta', 'Curren', 'Female', 'France', 26, '2015-05-21', '10468'),
(470, 'Teresa', 'Strawn', 'Female', 'France', 46, '2015-05-21', '10469'),
(471, 'Belinda', 'Partain', 'Female', 'United States', 37, '2017-10-15', '10470'),
(472, 'Holly', 'Eudy', 'Female', 'United States', 52, '2016-08-16', '10471'),
(473, 'Many', 'Cuccia', 'Female', 'Great Britain', 46, '2015-05-21', '10472'),
(474, 'Libbie', 'Dalby', 'Female', 'France', 42, '2015-05-21', '10473'),
(475, 'Lester', 'Prothro', 'Male', 'France', 21, '2017-10-15', '10474'),
(476, 'Marvel', 'Hail', 'Female', 'Great Britain', 28, '2016-08-16', '10475'),
(477, 'Angelyn', 'Vong', 'Female', 'United States', 29, '2015-05-21', '10476'),
(478, 'Francesca', 'Beaudreau', 'Female', 'France', 23, '2017-10-15', '10477'),
(479, 'Garth', 'Gangi', 'Male', 'United States', 41, '2016-08-16', '10478'),
(480, 'Carla', 'Trumbull', 'Female', 'Great Britain', 28, '2015-05-21', '10479'),
(481, 'Veta', 'Muntz', 'Female', 'Great Britain', 37, '2017-10-15', '10480'),
(482, 'Stasia', 'Becker', 'Female', 'Great Britain', 34, '2016-08-16', '10481'),
(483, 'Jona', 'Grindle', 'Female', 'Great Britain', 26, '2015-05-21', '10482'),
(484, 'Judie', 'Claywell', 'Female', 'France', 35, '2016-08-16', '10483'),
(485, 'Dewitt', 'Borger', 'Male', 'United States', 36, '2015-05-21', '10484'),
(486, 'Nena', 'Hacker', 'Female', 'United States', 29, '2017-10-15', '10485'),
(487, 'Kelsie', 'Wachtel', 'Female', 'France', 27, '2016-08-16', '10486'),
(488, 'Sau', 'Pfau', 'Female', 'United States', 25, '2015-05-21', '10487'),
(489, 'Shanice', 'Mccrystal', 'Female', 'United States', 36, '2015-05-21', '10488'),
(490, 'Chase', 'Karner', 'Male', 'United States', 37, '2017-10-15', '10489'),
(491, 'Tommie', 'Underdahl', 'Male', 'United States', 26, '2016-08-16', '10490'),
(492, 'Dorcas', 'Darity', 'Female', 'United States', 37, '2015-05-21', '10491'),
(493, 'Angel', 'Sanor', 'Male', 'France', 24, '2017-10-15', '10492'),
(494, 'Willodean', 'Harn', 'Female', 'United States', 39, '2016-08-16', '10493'),
(495, 'Weston', 'Martina', 'Male', 'United States', 26, '2015-05-21', '10494'),
(496, 'Roma', 'Lafollette', 'Female', 'United States', 34, '2017-10-15', '10495'),
(497, 'Felisa', 'Cail', 'Female', 'United States', 28, '2016-08-16', '10496'),
(498, 'Demetria', 'Abbey', 'Female', 'United States', 32, '2015-05-21', '10497'),
(499, 'Jeromy', 'Danz', 'Male', 'United States', 39, '2017-10-15', '10498'),
(500, 'Rasheeda', 'Alkire', 'Female', 'United States', 29, '2016-08-16', '10499'),
(501, 'Dulce', 'Abril', 'Female', 'United States', 32, '2017-10-15', '10500'),
(502, 'Mara', 'Hashimoto', 'Female', 'Great Britain', 25, '2016-08-16', '10501'),
(503, 'Philip', 'Gent', 'Male', 'France', 36, '2015-05-21', '10502'),
(504, 'Kathleen', 'Hanner', 'Female', 'United States', 25, '2017-10-15', '10503'),
(505, 'Nereida', 'Magwood', 'Female', 'United States', 58, '2016-08-16', '10504'),
(506, 'Gaston', 'Brumm', 'Male', 'United States', 24, '2015-05-21', '10505'),
(507, 'Etta', 'Hurn', 'Female', 'Great Britain', 56, '2017-10-15', '10506'),
(508, 'Earlean', 'Melgar', 'Female', 'United States', 27, '2016-08-16', '10507'),
(509, 'Vincenza', 'Weiland', 'Female', 'United States', 40, '2015-05-21', '10508'),
(510, 'Fallon', 'Winward', 'Female', 'Great Britain', 28, '2016-08-16', '10509'),
(511, 'Arcelia', 'Bouska', 'Female', 'Great Britain', 39, '2015-05-21', '10510'),
(512, 'Franklyn', 'Unknow', 'Male', 'France', 38, '2017-10-15', '10511'),
(513, 'Sherron', 'Ascencio', 'Female', 'Great Britain', 32, '2016-08-16', '10512'),
(514, 'Marcel', 'Zabriskie', 'Male', 'Great Britain', 26, '2015-05-21', '10513'),
(515, 'Kina', 'Hazelton', 'Female', 'Great Britain', 31, '2016-08-16', '10514'),
(516, 'Shavonne', 'Pia', 'Female', 'France', 24, '2015-05-21', '10515'),
(517, 'Shavon', 'Benito', 'Female', 'France', 39, '2017-10-15', '10516'),
(518, 'Lauralee', 'Perrine', 'Female', 'Great Britain', 28, '2016-08-16', '10517'),
(519, 'Loreta', 'Curren', 'Female', 'France', 26, '2015-05-21', '10518'),
(520, 'Teresa', 'Strawn', 'Female', 'France', 46, '2015-05-21', '10519'),
(521, 'Belinda', 'Partain', 'Female', 'United States', 37, '2017-10-15', '10520'),
(522, 'Holly', 'Eudy', 'Female', 'United States', 52, '2016-08-16', '10521'),
(523, 'Many', 'Cuccia', 'Female', 'Great Britain', 46, '2015-05-21', '10522'),
(524, 'Libbie', 'Dalby', 'Female', 'France', 42, '2015-05-21', '10523'),
(525, 'Lester', 'Prothro', 'Male', 'France', 21, '2017-10-15', '10524'),
(526, 'Marvel', 'Hail', 'Female', 'Great Britain', 28, '2016-08-16', '10525'),
(527, 'Angelyn', 'Vong', 'Female', 'United States', 29, '2015-05-21', '10526'),
(528, 'Francesca', 'Beaudreau', 'Female', 'France', 23, '2017-10-15', '10527'),
(529, 'Garth', 'Gangi', 'Male', 'United States', 41, '2016-08-16', '10528'),
(530, 'Carla', 'Trumbull', 'Female', 'Great Britain', 28, '2015-05-21', '10529'),
(531, 'Veta', 'Muntz', 'Female', 'Great Britain', 37, '2017-10-15', '10530'),
(532, 'Stasia', 'Becker', 'Female', 'Great Britain', 34, '2016-08-16', '10531'),
(533, 'Jona', 'Grindle', 'Female', 'Great Britain', 26, '2015-05-21', '10532'),
(534, 'Judie', 'Claywell', 'Female', 'France', 35, '2016-08-16', '10533'),
(535, 'Dewitt', 'Borger', 'Male', 'United States', 36, '2015-05-21', '10534'),
(536, 'Nena', 'Hacker', 'Female', 'United States', 29, '2017-10-15', '10535'),
(537, 'Kelsie', 'Wachtel', 'Female', 'France', 27, '2016-08-16', '10536'),
(538, 'Sau', 'Pfau', 'Female', 'United States', 25, '2015-05-21', '10537'),
(539, 'Shanice', 'Mccrystal', 'Female', 'United States', 36, '2015-05-21', '10538'),
(540, 'Chase', 'Karner', 'Male', 'United States', 37, '2017-10-15', '10539'),
(541, 'Tommie', 'Underdahl', 'Male', 'United States', 26, '2016-08-16', '10540'),
(542, 'Dorcas', 'Darity', 'Female', 'United States', 37, '2015-05-21', '10541'),
(543, 'Angel', 'Sanor', 'Male', 'France', 24, '2017-10-15', '10542'),
(544, 'Willodean', 'Harn', 'Female', 'United States', 39, '2016-08-16', '10543'),
(545, 'Weston', 'Martina', 'Male', 'United States', 26, '2015-05-21', '10544'),
(546, 'Roma', 'Lafollette', 'Female', 'United States', 34, '2017-10-15', '10545'),
(547, 'Felisa', 'Cail', 'Female', 'United States', 28, '2016-08-16', '10546'),
(548, 'Demetria', 'Abbey', 'Female', 'United States', 32, '2015-05-21', '10547'),
(549, 'Jeromy', 'Danz', 'Male', 'United States', 39, '2017-10-15', '10548'),
(550, 'Rasheeda', 'Alkire', 'Female', 'United States', 29, '2016-08-16', '10549'),
(551, 'Dulce', 'Abril', 'Female', 'United States', 32, '2017-10-15', '10550'),
(552, 'Mara', 'Hashimoto', 'Female', 'Great Britain', 25, '2016-08-16', '10551'),
(553, 'Philip', 'Gent', 'Male', 'France', 36, '2015-05-21', '10552'),
(554, 'Kathleen', 'Hanner', 'Female', 'United States', 25, '2017-10-15', '10553'),
(555, 'Nereida', 'Magwood', 'Female', 'United States', 58, '2016-08-16', '10554'),
(556, 'Gaston', 'Brumm', 'Male', 'United States', 24, '2015-05-21', '10555'),
(557, 'Etta', 'Hurn', 'Female', 'Great Britain', 56, '2017-10-15', '10556'),
(558, 'Earlean', 'Melgar', 'Female', 'United States', 27, '2016-08-16', '10557'),
(559, 'Vincenza', 'Weiland', 'Female', 'United States', 40, '2015-05-21', '10558'),
(560, 'Fallon', 'Winward', 'Female', 'Great Britain', 28, '2016-08-16', '10559'),
(561, 'Arcelia', 'Bouska', 'Female', 'Great Britain', 39, '2015-05-21', '10560'),
(562, 'Franklyn', 'Unknow', 'Male', 'France', 38, '2017-10-15', '10561'),
(563, 'Sherron', 'Ascencio', 'Female', 'Great Britain', 32, '2016-08-16', '10562'),
(564, 'Marcel', 'Zabriskie', 'Male', 'Great Britain', 26, '2015-05-21', '10563'),
(565, 'Kina', 'Hazelton', 'Female', 'Great Britain', 31, '2016-08-16', '10564'),
(566, 'Shavonne', 'Pia', 'Female', 'France', 24, '2015-05-21', '10565'),
(567, 'Shavon', 'Benito', 'Female', 'France', 39, '2017-10-15', '10566'),
(568, 'Lauralee', 'Perrine', 'Female', 'Great Britain', 28, '2016-08-16', '10567'),
(569, 'Loreta', 'Curren', 'Female', 'France', 26, '2015-05-21', '10568'),
(570, 'Teresa', 'Strawn', 'Female', 'France', 46, '2015-05-21', '10569'),
(571, 'Belinda', 'Partain', 'Female', 'United States', 37, '2017-10-15', '10570'),
(572, 'Holly', 'Eudy', 'Female', 'United States', 52, '2016-08-16', '10571'),
(573, 'Many', 'Cuccia', 'Female', 'Great Britain', 46, '2015-05-21', '10572'),
(574, 'Libbie', 'Dalby', 'Female', 'France', 42, '2015-05-21', '10573'),
(575, 'Lester', 'Prothro', 'Male', 'France', 21, '2017-10-15', '10574'),
(576, 'Marvel', 'Hail', 'Female', 'Great Britain', 28, '2016-08-16', '10575'),
(577, 'Angelyn', 'Vong', 'Female', 'United States', 29, '2015-05-21', '10576'),
(578, 'Francesca', 'Beaudreau', 'Female', 'France', 23, '2017-10-15', '10577'),
(579, 'Garth', 'Gangi', 'Male', 'United States', 41, '2016-08-16', '10578'),
(580, 'Carla', 'Trumbull', 'Female', 'Great Britain', 28, '2015-05-21', '10579'),
(581, 'Veta', 'Muntz', 'Female', 'Great Britain', 37, '2017-10-15', '10580'),
(582, 'Stasia', 'Becker', 'Female', 'Great Britain', 34, '2016-08-16', '10581'),
(583, 'Jona', 'Grindle', 'Female', 'Great Britain', 26, '2015-05-21', '10582'),
(584, 'Judie', 'Claywell', 'Female', 'France', 35, '2016-08-16', '10583'),
(585, 'Dewitt', 'Borger', 'Male', 'United States', 36, '2015-05-21', '10584'),
(586, 'Nena', 'Hacker', 'Female', 'United States', 29, '2017-10-15', '10585'),
(587, 'Kelsie', 'Wachtel', 'Female', 'France', 27, '2016-08-16', '10586'),
(588, 'Sau', 'Pfau', 'Female', 'United States', 25, '2015-05-21', '10587'),
(589, 'Shanice', 'Mccrystal', 'Female', 'United States', 36, '2015-05-21', '10588'),
(590, 'Chase', 'Karner', 'Male', 'United States', 37, '2017-10-15', '10589'),
(591, 'Tommie', 'Underdahl', 'Male', 'United States', 26, '2016-08-16', '10590'),
(592, 'Dorcas', 'Darity', 'Female', 'United States', 37, '2015-05-21', '10591'),
(593, 'Angel', 'Sanor', 'Male', 'France', 24, '2017-10-15', '10592'),
(594, 'Willodean', 'Harn', 'Female', 'United States', 39, '2016-08-16', '10593'),
(595, 'Weston', 'Martina', 'Male', 'United States', 26, '2015-05-21', '10594'),
(596, 'Roma', 'Lafollette', 'Female', 'United States', 34, '2017-10-15', '10595'),
(597, 'Felisa', 'Cail', 'Female', 'United States', 28, '2016-08-16', '10596'),
(598, 'Demetria', 'Abbey', 'Female', 'United States', 32, '2015-05-21', '10597'),
(599, 'Jeromy', 'Danz', 'Male', 'United States', 39, '2017-10-15', '10598'),
(600, 'Rasheeda', 'Alkire', 'Female', 'United States', 29, '2016-08-16', '10599'),
(601, 'Dulce', 'Abril', 'Female', 'United States', 32, '2017-10-15', '10600'),
(602, 'Mara', 'Hashimoto', 'Female', 'Great Britain', 25, '2016-08-16', '10601'),
(603, 'Philip', 'Gent', 'Male', 'France', 36, '2015-05-21', '10602'),
(604, 'Kathleen', 'Hanner', 'Female', 'United States', 25, '2017-10-15', '10603'),
(605, 'Nereida', 'Magwood', 'Female', 'United States', 58, '2016-08-16', '10604'),
(606, 'Gaston', 'Brumm', 'Male', 'United States', 24, '2015-05-21', '10605'),
(607, 'Etta', 'Hurn', 'Female', 'Great Britain', 56, '2017-10-15', '10606'),
(608, 'Earlean', 'Melgar', 'Female', 'United States', 27, '2016-08-16', '10607'),
(609, 'Vincenza', 'Weiland', 'Female', 'United States', 40, '2015-05-21', '10608'),
(610, 'Fallon', 'Winward', 'Female', 'Great Britain', 28, '2016-08-16', '10609'),
(611, 'Arcelia', 'Bouska', 'Female', 'Great Britain', 39, '2015-05-21', '10610'),
(612, 'Franklyn', 'Unknow', 'Male', 'France', 38, '2017-10-15', '10611'),
(613, 'Sherron', 'Ascencio', 'Female', 'Great Britain', 32, '2016-08-16', '10612'),
(614, 'Marcel', 'Zabriskie', 'Male', 'Great Britain', 26, '2015-05-21', '10613'),
(615, 'Kina', 'Hazelton', 'Female', 'Great Britain', 31, '2016-08-16', '10614'),
(616, 'Shavonne', 'Pia', 'Female', 'France', 24, '2015-05-21', '10615'),
(617, 'Shavon', 'Benito', 'Female', 'France', 39, '2017-10-15', '10616'),
(618, 'Lauralee', 'Perrine', 'Female', 'Great Britain', 28, '2016-08-16', '10617'),
(619, 'Loreta', 'Curren', 'Female', 'France', 26, '2015-05-21', '10618'),
(620, 'Teresa', 'Strawn', 'Female', 'France', 46, '2015-05-21', '10619'),
(621, 'Belinda', 'Partain', 'Female', 'United States', 37, '2017-10-15', '10620'),
(622, 'Holly', 'Eudy', 'Female', 'United States', 52, '2016-08-16', '10621'),
(623, 'Many', 'Cuccia', 'Female', 'Great Britain', 46, '2015-05-21', '10622'),
(624, 'Libbie', 'Dalby', 'Female', 'France', 42, '2015-05-21', '10623'),
(625, 'Lester', 'Prothro', 'Male', 'France', 21, '2017-10-15', '10624'),
(626, 'Marvel', 'Hail', 'Female', 'Great Britain', 28, '2016-08-16', '10625'),
(627, 'Angelyn', 'Vong', 'Female', 'United States', 29, '2015-05-21', '10626'),
(628, 'Francesca', 'Beaudreau', 'Female', 'France', 23, '2017-10-15', '10627'),
(629, 'Garth', 'Gangi', 'Male', 'United States', 41, '2016-08-16', '10628'),
(630, 'Carla', 'Trumbull', 'Female', 'Great Britain', 28, '2015-05-21', '10629'),
(631, 'Veta', 'Muntz', 'Female', 'Great Britain', 37, '2017-10-15', '10630'),
(632, 'Stasia', 'Becker', 'Female', 'Great Britain', 34, '2016-08-16', '10631'),
(633, 'Jona', 'Grindle', 'Female', 'Great Britain', 26, '2015-05-21', '10632'),
(634, 'Judie', 'Claywell', 'Female', 'France', 35, '2016-08-16', '10633'),
(635, 'Dewitt', 'Borger', 'Male', 'United States', 36, '2015-05-21', '10634'),
(636, 'Nena', 'Hacker', 'Female', 'United States', 29, '2017-10-15', '10635'),
(637, 'Kelsie', 'Wachtel', 'Female', 'France', 27, '2016-08-16', '10636'),
(638, 'Sau', 'Pfau', 'Female', 'United States', 25, '2015-05-21', '10637'),
(639, 'Shanice', 'Mccrystal', 'Female', 'United States', 36, '2015-05-21', '10638'),
(640, 'Chase', 'Karner', 'Male', 'United States', 37, '2017-10-15', '10639'),
(641, 'Tommie', 'Underdahl', 'Male', 'United States', 26, '2016-08-16', '10640'),
(642, 'Dorcas', 'Darity', 'Female', 'United States', 37, '2015-05-21', '10641'),
(643, 'Angel', 'Sanor', 'Male', 'France', 24, '2017-10-15', '10642'),
(644, 'Willodean', 'Harn', 'Female', 'United States', 39, '2016-08-16', '10643'),
(645, 'Weston', 'Martina', 'Male', 'United States', 26, '2015-05-21', '10644'),
(646, 'Roma', 'Lafollette', 'Female', 'United States', 34, '2017-10-15', '10645'),
(647, 'Felisa', 'Cail', 'Female', 'United States', 28, '2016-08-16', '10646'),
(648, 'Demetria', 'Abbey', 'Female', 'United States', 32, '2015-05-21', '10647'),
(649, 'Jeromy', 'Danz', 'Male', 'United States', 39, '2017-10-15', '10648');
INSERT INTO `hastalar` (`sayi`, `ad`, `soyad`, `cinsiyet`, `ulke`, `yas`, `kayit_tarihi`, `hasta_no`) VALUES
(650, 'Rasheeda', 'Alkire', 'Female', 'United States', 29, '2016-08-16', '10649'),
(651, 'Dulce', 'Abril', 'Female', 'United States', 32, '2017-10-15', '10650'),
(652, 'Mara', 'Hashimoto', 'Female', 'Great Britain', 25, '2016-08-16', '10651'),
(653, 'Philip', 'Gent', 'Male', 'France', 36, '2015-05-21', '10652'),
(654, 'Kathleen', 'Hanner', 'Female', 'United States', 25, '2017-10-15', '10653'),
(655, 'Nereida', 'Magwood', 'Female', 'United States', 58, '2016-08-16', '10654'),
(656, 'Gaston', 'Brumm', 'Male', 'United States', 24, '2015-05-21', '10655'),
(657, 'Etta', 'Hurn', 'Female', 'Great Britain', 56, '2017-10-15', '10656'),
(658, 'Earlean', 'Melgar', 'Female', 'United States', 27, '2016-08-16', '10657'),
(659, 'Vincenza', 'Weiland', 'Female', 'United States', 40, '2015-05-21', '10658'),
(660, 'Fallon', 'Winward', 'Female', 'Great Britain', 28, '2016-08-16', '10659'),
(661, 'Arcelia', 'Bouska', 'Female', 'Great Britain', 39, '2015-05-21', '10660'),
(662, 'Franklyn', 'Unknow', 'Male', 'France', 38, '2017-10-15', '10661'),
(663, 'Sherron', 'Ascencio', 'Female', 'Great Britain', 32, '2016-08-16', '10662'),
(664, 'Marcel', 'Zabriskie', 'Male', 'Great Britain', 26, '2015-05-21', '10663'),
(665, 'Kina', 'Hazelton', 'Female', 'Great Britain', 31, '2016-08-16', '10664'),
(666, 'Shavonne', 'Pia', 'Female', 'France', 24, '2015-05-21', '10665'),
(667, 'Shavon', 'Benito', 'Female', 'France', 39, '2017-10-15', '10666'),
(668, 'Lauralee', 'Perrine', 'Female', 'Great Britain', 28, '2016-08-16', '10667'),
(669, 'Loreta', 'Curren', 'Female', 'France', 26, '2015-05-21', '10668'),
(670, 'Teresa', 'Strawn', 'Female', 'France', 46, '2015-05-21', '10669'),
(671, 'Belinda', 'Partain', 'Female', 'United States', 37, '2017-10-15', '10670'),
(672, 'Holly', 'Eudy', 'Female', 'United States', 52, '2016-08-16', '10671'),
(673, 'Many', 'Cuccia', 'Female', 'Great Britain', 46, '2015-05-21', '10672'),
(674, 'Libbie', 'Dalby', 'Female', 'France', 42, '2015-05-21', '10673'),
(675, 'Lester', 'Prothro', 'Male', 'France', 21, '2017-10-15', '10674'),
(676, 'Marvel', 'Hail', 'Female', 'Great Britain', 28, '2016-08-16', '10675'),
(677, 'Angelyn', 'Vong', 'Female', 'United States', 29, '2015-05-21', '10676'),
(678, 'Francesca', 'Beaudreau', 'Female', 'France', 23, '2017-10-15', '10677'),
(679, 'Garth', 'Gangi', 'Male', 'United States', 41, '2016-08-16', '10678'),
(680, 'Carla', 'Trumbull', 'Female', 'Great Britain', 28, '2015-05-21', '10679'),
(681, 'Veta', 'Muntz', 'Female', 'Great Britain', 37, '2017-10-15', '10680'),
(682, 'Stasia', 'Becker', 'Female', 'Great Britain', 34, '2016-08-16', '10681'),
(683, 'Jona', 'Grindle', 'Female', 'Great Britain', 26, '2015-05-21', '10682'),
(684, 'Judie', 'Claywell', 'Female', 'France', 35, '2016-08-16', '10683'),
(685, 'Dewitt', 'Borger', 'Male', 'United States', 36, '2015-05-21', '10684'),
(686, 'Nena', 'Hacker', 'Female', 'United States', 29, '2017-10-15', '10685'),
(687, 'Kelsie', 'Wachtel', 'Female', 'France', 27, '2016-08-16', '10686'),
(688, 'Sau', 'Pfau', 'Female', 'United States', 25, '2015-05-21', '10687'),
(689, 'Shanice', 'Mccrystal', 'Female', 'United States', 36, '2015-05-21', '10688'),
(690, 'Chase', 'Karner', 'Male', 'United States', 37, '2017-10-15', '10689'),
(691, 'Tommie', 'Underdahl', 'Male', 'United States', 26, '2016-08-16', '10690'),
(692, 'Dorcas', 'Darity', 'Female', 'United States', 37, '2015-05-21', '10691'),
(693, 'Angel', 'Sanor', 'Male', 'France', 24, '2017-10-15', '10692'),
(694, 'Willodean', 'Harn', 'Female', 'United States', 39, '2016-08-16', '10693'),
(695, 'Weston', 'Martina', 'Male', 'United States', 26, '2015-05-21', '10694'),
(696, 'Roma', 'Lafollette', 'Female', 'United States', 34, '2017-10-15', '10695'),
(697, 'Felisa', 'Cail', 'Female', 'United States', 28, '2016-08-16', '10696'),
(698, 'Demetria', 'Abbey', 'Female', 'United States', 32, '2015-05-21', '10697'),
(699, 'Jeromy', 'Danz', 'Male', 'United States', 39, '2017-10-15', '10698'),
(700, 'Rasheeda', 'Alkire', 'Female', 'United States', 29, '2016-08-16', '10699'),
(701, 'Dulce', 'Abril', 'Female', 'United States', 32, '2017-10-15', '10700'),
(702, 'Mara', 'Hashimoto', 'Female', 'Great Britain', 25, '2016-08-16', '10701'),
(703, 'Philip', 'Gent', 'Male', 'France', 36, '2015-05-21', '10702'),
(704, 'Kathleen', 'Hanner', 'Female', 'United States', 25, '2017-10-15', '10703'),
(705, 'Nereida', 'Magwood', 'Female', 'United States', 58, '2016-08-16', '10704'),
(706, 'Gaston', 'Brumm', 'Male', 'United States', 24, '2015-05-21', '10705'),
(707, 'Etta', 'Hurn', 'Female', 'Great Britain', 56, '2017-10-15', '10706'),
(708, 'Earlean', 'Melgar', 'Female', 'United States', 27, '2016-08-16', '10707'),
(709, 'Vincenza', 'Weiland', 'Female', 'United States', 40, '2015-05-21', '10708'),
(710, 'Fallon', 'Winward', 'Female', 'Great Britain', 28, '2016-08-16', '10709'),
(711, 'Arcelia', 'Bouska', 'Female', 'Great Britain', 39, '2015-05-21', '10710'),
(712, 'Franklyn', 'Unknow', 'Male', 'France', 38, '2017-10-15', '10711'),
(713, 'Sherron', 'Ascencio', 'Female', 'Great Britain', 32, '2016-08-16', '10712'),
(714, 'Marcel', 'Zabriskie', 'Male', 'Great Britain', 26, '2015-05-21', '10713'),
(715, 'Kina', 'Hazelton', 'Female', 'Great Britain', 31, '2016-08-16', '10714'),
(716, 'Shavonne', 'Pia', 'Female', 'France', 24, '2015-05-21', '10715'),
(717, 'Shavon', 'Benito', 'Female', 'France', 39, '2017-10-15', '10716'),
(718, 'Lauralee', 'Perrine', 'Female', 'Great Britain', 28, '2016-08-16', '10717'),
(719, 'Loreta', 'Curren', 'Female', 'France', 26, '2015-05-21', '10718'),
(720, 'Teresa', 'Strawn', 'Female', 'France', 46, '2015-05-21', '10719'),
(721, 'Belinda', 'Partain', 'Female', 'United States', 37, '2017-10-15', '10720'),
(722, 'Holly', 'Eudy', 'Female', 'United States', 52, '2016-08-16', '10721'),
(723, 'Many', 'Cuccia', 'Female', 'Great Britain', 46, '2015-05-21', '10722'),
(724, 'Libbie', 'Dalby', 'Female', 'France', 42, '2015-05-21', '10723'),
(725, 'Lester', 'Prothro', 'Male', 'France', 21, '2017-10-15', '10724'),
(726, 'Marvel', 'Hail', 'Female', 'Great Britain', 28, '2016-08-16', '10725'),
(727, 'Angelyn', 'Vong', 'Female', 'United States', 29, '2015-05-21', '10726'),
(728, 'Francesca', 'Beaudreau', 'Female', 'France', 23, '2017-10-15', '10727'),
(729, 'Garth', 'Gangi', 'Male', 'United States', 41, '2016-08-16', '10728'),
(730, 'Carla', 'Trumbull', 'Female', 'Great Britain', 28, '2015-05-21', '10729'),
(731, 'Veta', 'Muntz', 'Female', 'Great Britain', 37, '2017-10-15', '10730'),
(732, 'Stasia', 'Becker', 'Female', 'Great Britain', 34, '2016-08-16', '10731'),
(733, 'Jona', 'Grindle', 'Female', 'Great Britain', 26, '2015-05-21', '10732'),
(734, 'Judie', 'Claywell', 'Female', 'France', 35, '2016-08-16', '10733'),
(735, 'Dewitt', 'Borger', 'Male', 'United States', 36, '2015-05-21', '10734'),
(736, 'Nena', 'Hacker', 'Female', 'United States', 29, '2017-10-15', '10735'),
(737, 'Kelsie', 'Wachtel', 'Female', 'France', 27, '2016-08-16', '10736'),
(738, 'Sau', 'Pfau', 'Female', 'United States', 25, '2015-05-21', '10737'),
(739, 'Shanice', 'Mccrystal', 'Female', 'United States', 36, '2015-05-21', '10738'),
(740, 'Chase', 'Karner', 'Male', 'United States', 37, '2017-10-15', '10739'),
(741, 'Tommie', 'Underdahl', 'Male', 'United States', 26, '2016-08-16', '10740'),
(742, 'Dorcas', 'Darity', 'Female', 'United States', 37, '2015-05-21', '10741'),
(743, 'Angel', 'Sanor', 'Male', 'France', 24, '2017-10-15', '10742'),
(744, 'Willodean', 'Harn', 'Female', 'United States', 39, '2016-08-16', '10743'),
(745, 'Weston', 'Martina', 'Male', 'United States', 26, '2015-05-21', '10744'),
(746, 'Roma', 'Lafollette', 'Female', 'United States', 34, '2017-10-15', '10745'),
(747, 'Felisa', 'Cail', 'Female', 'United States', 28, '2016-08-16', '10746'),
(748, 'Demetria', 'Abbey', 'Female', 'United States', 32, '2015-05-21', '10747'),
(749, 'Jeromy', 'Danz', 'Male', 'United States', 39, '2017-10-15', '10748'),
(750, 'Rasheeda', 'Alkire', 'Female', 'United States', 29, '2016-08-16', '10749'),
(751, 'Dulce', 'Abril', 'Female', 'United States', 32, '2017-10-15', '10750'),
(752, 'Mara', 'Hashimoto', 'Female', 'Great Britain', 25, '2016-08-16', '10751'),
(753, 'Philip', 'Gent', 'Male', 'France', 36, '2015-05-21', '10752'),
(754, 'Kathleen', 'Hanner', 'Female', 'United States', 25, '2017-10-15', '10753'),
(755, 'Nereida', 'Magwood', 'Female', 'United States', 58, '2016-08-16', '10754'),
(756, 'Gaston', 'Brumm', 'Male', 'United States', 24, '2015-05-21', '10755'),
(757, 'Etta', 'Hurn', 'Female', 'Great Britain', 56, '2017-10-15', '10756'),
(758, 'Earlean', 'Melgar', 'Female', 'United States', 27, '2016-08-16', '10757'),
(759, 'Vincenza', 'Weiland', 'Female', 'United States', 40, '2015-05-21', '10758'),
(760, 'Fallon', 'Winward', 'Female', 'Great Britain', 28, '2016-08-16', '10759'),
(761, 'Arcelia', 'Bouska', 'Female', 'Great Britain', 39, '2015-05-21', '10760'),
(762, 'Franklyn', 'Unknow', 'Male', 'France', 38, '2017-10-15', '10761'),
(763, 'Sherron', 'Ascencio', 'Female', 'Great Britain', 32, '2016-08-16', '10762'),
(764, 'Marcel', 'Zabriskie', 'Male', 'Great Britain', 26, '2015-05-21', '10763'),
(765, 'Kina', 'Hazelton', 'Female', 'Great Britain', 31, '2016-08-16', '10764'),
(766, 'Shavonne', 'Pia', 'Female', 'France', 24, '2015-05-21', '10765'),
(767, 'Shavon', 'Benito', 'Female', 'France', 39, '2017-10-15', '10766'),
(768, 'Lauralee', 'Perrine', 'Female', 'Great Britain', 28, '2016-08-16', '10767'),
(769, 'Loreta', 'Curren', 'Female', 'France', 26, '2015-05-21', '10768'),
(770, 'Teresa', 'Strawn', 'Female', 'France', 46, '2015-05-21', '10769'),
(771, 'Belinda', 'Partain', 'Female', 'United States', 37, '2017-10-15', '10770'),
(772, 'Holly', 'Eudy', 'Female', 'United States', 52, '2016-08-16', '10771'),
(773, 'Many', 'Cuccia', 'Female', 'Great Britain', 46, '2015-05-21', '10772'),
(774, 'Libbie', 'Dalby', 'Female', 'France', 42, '2015-05-21', '10773'),
(775, 'Lester', 'Prothro', 'Male', 'France', 21, '2017-10-15', '10774'),
(776, 'Marvel', 'Hail', 'Female', 'Great Britain', 28, '2016-08-16', '10775'),
(777, 'Angelyn', 'Vong', 'Female', 'United States', 29, '2015-05-21', '10776'),
(778, 'Francesca', 'Beaudreau', 'Female', 'France', 23, '2017-10-15', '10777'),
(779, 'Garth', 'Gangi', 'Male', 'United States', 41, '2016-08-16', '10778'),
(780, 'Carla', 'Trumbull', 'Female', 'Great Britain', 28, '2015-05-21', '10779'),
(781, 'Veta', 'Muntz', 'Female', 'Great Britain', 37, '2017-10-15', '10780'),
(782, 'Stasia', 'Becker', 'Female', 'Great Britain', 34, '2016-08-16', '10781'),
(783, 'Jona', 'Grindle', 'Female', 'Great Britain', 26, '2015-05-21', '10782'),
(784, 'Judie', 'Claywell', 'Female', 'France', 35, '2016-08-16', '10783'),
(785, 'Dewitt', 'Borger', 'Male', 'United States', 36, '2015-05-21', '10784'),
(786, 'Nena', 'Hacker', 'Female', 'United States', 29, '2017-10-15', '10785'),
(787, 'Kelsie', 'Wachtel', 'Female', 'France', 27, '2016-08-16', '10786'),
(788, 'Sau', 'Pfau', 'Female', 'United States', 25, '2015-05-21', '10787'),
(789, 'Shanice', 'Mccrystal', 'Female', 'United States', 36, '2015-05-21', '10788'),
(790, 'Chase', 'Karner', 'Male', 'United States', 37, '2017-10-15', '10789'),
(791, 'Tommie', 'Underdahl', 'Male', 'United States', 26, '2016-08-16', '10790'),
(792, 'Dorcas', 'Darity', 'Female', 'United States', 37, '2015-05-21', '10791'),
(793, 'Angel', 'Sanor', 'Male', 'France', 24, '2017-10-15', '10792'),
(794, 'Willodean', 'Harn', 'Female', 'United States', 39, '2016-08-16', '10793'),
(795, 'Weston', 'Martina', 'Male', 'United States', 26, '2015-05-21', '10794'),
(796, 'Roma', 'Lafollette', 'Female', 'United States', 34, '2017-10-15', '10795'),
(797, 'Felisa', 'Cail', 'Female', 'United States', 28, '2016-08-16', '10796'),
(798, 'Demetria', 'Abbey', 'Female', 'United States', 32, '2015-05-21', '10797'),
(799, 'Jeromy', 'Danz', 'Male', 'United States', 39, '2017-10-15', '10798'),
(800, 'Rasheeda', 'Alkire', 'Female', 'United States', 29, '2016-08-16', '10799'),
(801, 'Dulce', 'Abril', 'Female', 'United States', 32, '2017-10-15', '10800'),
(802, 'Mara', 'Hashimoto', 'Female', 'Great Britain', 25, '2016-08-16', '10801'),
(803, 'Philip', 'Gent', 'Male', 'France', 36, '2015-05-21', '10802'),
(804, 'Kathleen', 'Hanner', 'Female', 'United States', 25, '2017-10-15', '10803'),
(805, 'Nereida', 'Magwood', 'Female', 'United States', 58, '2016-08-16', '10804'),
(806, 'Gaston', 'Brumm', 'Male', 'United States', 24, '2015-05-21', '10805'),
(807, 'Etta', 'Hurn', 'Female', 'Great Britain', 56, '2017-10-15', '10806'),
(808, 'Earlean', 'Melgar', 'Female', 'United States', 27, '2016-08-16', '10807'),
(809, 'Vincenza', 'Weiland', 'Female', 'United States', 40, '2015-05-21', '10808'),
(810, 'Fallon', 'Winward', 'Female', 'Great Britain', 28, '2016-08-16', '10809'),
(811, 'Arcelia', 'Bouska', 'Female', 'Great Britain', 39, '2015-05-21', '10810'),
(812, 'Franklyn', 'Unknow', 'Male', 'France', 38, '2017-10-15', '10811'),
(813, 'Sherron', 'Ascencio', 'Female', 'Great Britain', 32, '2016-08-16', '10812'),
(814, 'Marcel', 'Zabriskie', 'Male', 'Great Britain', 26, '2015-05-21', '10813'),
(815, 'Kina', 'Hazelton', 'Female', 'Great Britain', 31, '2016-08-16', '10814'),
(816, 'Shavonne', 'Pia', 'Female', 'France', 24, '2015-05-21', '10815'),
(817, 'Shavon', 'Benito', 'Female', 'France', 39, '2017-10-15', '10816'),
(818, 'Lauralee', 'Perrine', 'Female', 'Great Britain', 28, '2016-08-16', '10817'),
(819, 'Loreta', 'Curren', 'Female', 'France', 26, '2015-05-21', '10818'),
(820, 'Teresa', 'Strawn', 'Female', 'France', 46, '2015-05-21', '10819'),
(821, 'Belinda', 'Partain', 'Female', 'United States', 37, '2017-10-15', '10820'),
(822, 'Holly', 'Eudy', 'Female', 'United States', 52, '2016-08-16', '10821'),
(823, 'Many', 'Cuccia', 'Female', 'Great Britain', 46, '2015-05-21', '10822'),
(824, 'Libbie', 'Dalby', 'Female', 'France', 42, '2015-05-21', '10823'),
(825, 'Lester', 'Prothro', 'Male', 'France', 21, '2017-10-15', '10824'),
(826, 'Marvel', 'Hail', 'Female', 'Great Britain', 28, '2016-08-16', '10825'),
(827, 'Angelyn', 'Vong', 'Female', 'United States', 29, '2015-05-21', '10826'),
(828, 'Francesca', 'Beaudreau', 'Female', 'France', 23, '2017-10-15', '10827'),
(829, 'Garth', 'Gangi', 'Male', 'United States', 41, '2016-08-16', '10828'),
(830, 'Carla', 'Trumbull', 'Female', 'Great Britain', 28, '2015-05-21', '10829'),
(831, 'Veta', 'Muntz', 'Female', 'Great Britain', 37, '2017-10-15', '10830'),
(832, 'Stasia', 'Becker', 'Female', 'Great Britain', 34, '2016-08-16', '10831'),
(833, 'Jona', 'Grindle', 'Female', 'Great Britain', 26, '2015-05-21', '10832'),
(834, 'Judie', 'Claywell', 'Female', 'France', 35, '2016-08-16', '10833'),
(835, 'Dewitt', 'Borger', 'Male', 'United States', 36, '2015-05-21', '10834'),
(836, 'Nena', 'Hacker', 'Female', 'United States', 29, '2017-10-15', '10835'),
(837, 'Kelsie', 'Wachtel', 'Female', 'France', 27, '2016-08-16', '10836'),
(838, 'Sau', 'Pfau', 'Female', 'United States', 25, '2015-05-21', '10837'),
(839, 'Shanice', 'Mccrystal', 'Female', 'United States', 36, '2015-05-21', '10838'),
(840, 'Chase', 'Karner', 'Male', 'United States', 37, '2017-10-15', '10839'),
(841, 'Tommie', 'Underdahl', 'Male', 'United States', 26, '2016-08-16', '10840'),
(842, 'Dorcas', 'Darity', 'Female', 'United States', 37, '2015-05-21', '10841'),
(843, 'Angel', 'Sanor', 'Male', 'France', 24, '2017-10-15', '10842'),
(844, 'Willodean', 'Harn', 'Female', 'United States', 39, '2016-08-16', '10843'),
(845, 'Weston', 'Martina', 'Male', 'United States', 26, '2015-05-21', '10844'),
(846, 'Roma', 'Lafollette', 'Female', 'United States', 34, '2017-10-15', '10845'),
(847, 'Felisa', 'Cail', 'Female', 'United States', 28, '2016-08-16', '10846'),
(848, 'Demetria', 'Abbey', 'Female', 'United States', 32, '2015-05-21', '10847'),
(849, 'Jeromy', 'Danz', 'Male', 'United States', 39, '2017-10-15', '10848'),
(850, 'Rasheeda', 'Alkire', 'Female', 'United States', 29, '2016-08-16', '10849'),
(851, 'Dulce', 'Abril', 'Female', 'United States', 32, '2017-10-15', '10850'),
(852, 'Mara', 'Hashimoto', 'Female', 'Great Britain', 25, '2016-08-16', '10851'),
(853, 'Philip', 'Gent', 'Male', 'France', 36, '2015-05-21', '10852'),
(854, 'Kathleen', 'Hanner', 'Female', 'United States', 25, '2017-10-15', '10853'),
(855, 'Nereida', 'Magwood', 'Female', 'United States', 58, '2016-08-16', '10854'),
(856, 'Gaston', 'Brumm', 'Male', 'United States', 24, '2015-05-21', '10855'),
(857, 'Etta', 'Hurn', 'Female', 'Great Britain', 56, '2017-10-15', '10856'),
(858, 'Earlean', 'Melgar', 'Female', 'United States', 27, '2016-08-16', '10857'),
(859, 'Vincenza', 'Weiland', 'Female', 'United States', 40, '2015-05-21', '10858'),
(860, 'Fallon', 'Winward', 'Female', 'Great Britain', 28, '2016-08-16', '10859'),
(861, 'Arcelia', 'Bouska', 'Female', 'Great Britain', 39, '2015-05-21', '10860'),
(862, 'Franklyn', 'Unknow', 'Male', 'France', 38, '2017-10-15', '10861'),
(863, 'Sherron', 'Ascencio', 'Female', 'Great Britain', 32, '2016-08-16', '10862'),
(864, 'Marcel', 'Zabriskie', 'Male', 'Great Britain', 26, '2015-05-21', '10863'),
(865, 'Kina', 'Hazelton', 'Female', 'Great Britain', 31, '2016-08-16', '10864'),
(866, 'Shavonne', 'Pia', 'Female', 'France', 24, '2015-05-21', '10865'),
(867, 'Shavon', 'Benito', 'Female', 'France', 39, '2017-10-15', '10866'),
(868, 'Lauralee', 'Perrine', 'Female', 'Great Britain', 28, '2016-08-16', '10867'),
(869, 'Loreta', 'Curren', 'Female', 'France', 26, '2015-05-21', '10868'),
(870, 'Teresa', 'Strawn', 'Female', 'France', 46, '2015-05-21', '10869'),
(871, 'Belinda', 'Partain', 'Female', 'United States', 37, '2017-10-15', '10870'),
(872, 'Holly', 'Eudy', 'Female', 'United States', 52, '2016-08-16', '10871'),
(873, 'Many', 'Cuccia', 'Female', 'Great Britain', 46, '2015-05-21', '10872'),
(874, 'Libbie', 'Dalby', 'Female', 'France', 42, '2015-05-21', '10873'),
(875, 'Lester', 'Prothro', 'Male', 'France', 21, '2017-10-15', '10874'),
(876, 'Marvel', 'Hail', 'Female', 'Great Britain', 28, '2016-08-16', '10875'),
(877, 'Angelyn', 'Vong', 'Female', 'United States', 29, '2015-05-21', '10876'),
(878, 'Francesca', 'Beaudreau', 'Female', 'France', 23, '2017-10-15', '10877'),
(879, 'Garth', 'Gangi', 'Male', 'United States', 41, '2016-08-16', '10878'),
(880, 'Carla', 'Trumbull', 'Female', 'Great Britain', 28, '2015-05-21', '10879'),
(881, 'Veta', 'Muntz', 'Female', 'Great Britain', 37, '2017-10-15', '10880'),
(882, 'Stasia', 'Becker', 'Female', 'Great Britain', 34, '2016-08-16', '10881'),
(883, 'Jona', 'Grindle', 'Female', 'Great Britain', 26, '2015-05-21', '10882'),
(884, 'Judie', 'Claywell', 'Female', 'France', 35, '2016-08-16', '10883'),
(885, 'Dewitt', 'Borger', 'Male', 'United States', 36, '2015-05-21', '10884'),
(886, 'Nena', 'Hacker', 'Female', 'United States', 29, '2017-10-15', '10885'),
(887, 'Kelsie', 'Wachtel', 'Female', 'France', 27, '2016-08-16', '10886'),
(888, 'Sau', 'Pfau', 'Female', 'United States', 25, '2015-05-21', '10887'),
(889, 'Shanice', 'Mccrystal', 'Female', 'United States', 36, '2015-05-21', '10888'),
(890, 'Chase', 'Karner', 'Male', 'United States', 37, '2017-10-15', '10889'),
(891, 'Tommie', 'Underdahl', 'Male', 'United States', 26, '2016-08-16', '10890'),
(892, 'Dorcas', 'Darity', 'Female', 'United States', 37, '2015-05-21', '10891'),
(893, 'Angel', 'Sanor', 'Male', 'France', 24, '2017-10-15', '10892'),
(894, 'Willodean', 'Harn', 'Female', 'United States', 39, '2016-08-16', '10893'),
(895, 'Weston', 'Martina', 'Male', 'United States', 26, '2015-05-21', '10894'),
(896, 'Roma', 'Lafollette', 'Female', 'United States', 34, '2017-10-15', '10895'),
(897, 'Felisa', 'Cail', 'Female', 'United States', 28, '2016-08-16', '10896'),
(898, 'Demetria', 'Abbey', 'Female', 'United States', 32, '2015-05-21', '10897'),
(899, 'Jeromy', 'Danz', 'Male', 'United States', 39, '2017-10-15', '10898'),
(900, 'Rasheeda', 'Alkire', 'Female', 'United States', 29, '2016-08-16', '10899'),
(901, 'Dulce', 'Abril', 'Female', 'United States', 32, '2017-10-15', '10900'),
(902, 'Mara', 'Hashimoto', 'Female', 'Great Britain', 25, '2016-08-16', '10901'),
(903, 'Philip', 'Gent', 'Male', 'France', 36, '2015-05-21', '10902'),
(904, 'Kathleen', 'Hanner', 'Female', 'United States', 25, '2017-10-15', '10903'),
(905, 'Nereida', 'Magwood', 'Female', 'United States', 58, '2016-08-16', '10904'),
(906, 'Gaston', 'Brumm', 'Male', 'United States', 24, '2015-05-21', '10905'),
(907, 'Etta', 'Hurn', 'Female', 'Great Britain', 56, '2017-10-15', '10906'),
(908, 'Earlean', 'Melgar', 'Female', 'United States', 27, '2016-08-16', '10907'),
(909, 'Vincenza', 'Weiland', 'Female', 'United States', 40, '2015-05-21', '10908'),
(910, 'Fallon', 'Winward', 'Female', 'Great Britain', 28, '2016-08-16', '10909'),
(911, 'Arcelia', 'Bouska', 'Female', 'Great Britain', 39, '2015-05-21', '10910'),
(912, 'Franklyn', 'Unknow', 'Male', 'France', 38, '2017-10-15', '10911'),
(913, 'Sherron', 'Ascencio', 'Female', 'Great Britain', 32, '2016-08-16', '10912'),
(914, 'Marcel', 'Zabriskie', 'Male', 'Great Britain', 26, '2015-05-21', '10913'),
(915, 'Kina', 'Hazelton', 'Female', 'Great Britain', 31, '2016-08-16', '10914'),
(916, 'Shavonne', 'Pia', 'Female', 'France', 24, '2015-05-21', '10915'),
(917, 'Shavon', 'Benito', 'Female', 'France', 39, '2017-10-15', '10916'),
(918, 'Lauralee', 'Perrine', 'Female', 'Great Britain', 28, '2016-08-16', '10917'),
(919, 'Loreta', 'Curren', 'Female', 'France', 26, '2015-05-21', '10918'),
(920, 'Teresa', 'Strawn', 'Female', 'France', 46, '2015-05-21', '10919'),
(921, 'Belinda', 'Partain', 'Female', 'United States', 37, '2017-10-15', '10920'),
(922, 'Holly', 'Eudy', 'Female', 'United States', 52, '2016-08-16', '10921'),
(923, 'Many', 'Cuccia', 'Female', 'Great Britain', 46, '2015-05-21', '10922'),
(924, 'Libbie', 'Dalby', 'Female', 'France', 42, '2015-05-21', '10923'),
(925, 'Lester', 'Prothro', 'Male', 'France', 21, '2017-10-15', '10924'),
(926, 'Marvel', 'Hail', 'Female', 'Great Britain', 28, '2016-08-16', '10925'),
(927, 'Angelyn', 'Vong', 'Female', 'United States', 29, '2015-05-21', '10926'),
(928, 'Francesca', 'Beaudreau', 'Female', 'France', 23, '2017-10-15', '10927'),
(929, 'Garth', 'Gangi', 'Male', 'United States', 41, '2016-08-16', '10928'),
(930, 'Carla', 'Trumbull', 'Female', 'Great Britain', 28, '2015-05-21', '10929'),
(931, 'Veta', 'Muntz', 'Female', 'Great Britain', 37, '2017-10-15', '10930'),
(932, 'Stasia', 'Becker', 'Female', 'Great Britain', 34, '2016-08-16', '10931'),
(933, 'Jona', 'Grindle', 'Female', 'Great Britain', 26, '2015-05-21', '10932'),
(934, 'Judie', 'Claywell', 'Female', 'France', 35, '2016-08-16', '10933'),
(935, 'Dewitt', 'Borger', 'Male', 'United States', 36, '2015-05-21', '10934'),
(936, 'Nena', 'Hacker', 'Female', 'United States', 29, '2017-10-15', '10935'),
(937, 'Kelsie', 'Wachtel', 'Female', 'France', 27, '2016-08-16', '10936'),
(938, 'Sau', 'Pfau', 'Female', 'United States', 25, '2015-05-21', '10937'),
(939, 'Shanice', 'Mccrystal', 'Female', 'United States', 36, '2015-05-21', '10938'),
(940, 'Chase', 'Karner', 'Male', 'United States', 37, '2017-10-15', '10939'),
(941, 'Tommie', 'Underdahl', 'Male', 'United States', 26, '2016-08-16', '10940'),
(942, 'Dorcas', 'Darity', 'Female', 'United States', 37, '2015-05-21', '10941'),
(943, 'Angel', 'Sanor', 'Male', 'France', 24, '2017-10-15', '10942'),
(944, 'Willodean', 'Harn', 'Female', 'United States', 39, '2016-08-16', '10943'),
(945, 'Weston', 'Martina', 'Male', 'United States', 26, '2015-05-21', '10944'),
(946, 'Roma', 'Lafollette', 'Female', 'United States', 34, '2017-10-15', '10945'),
(947, 'Felisa', 'Cail', 'Female', 'United States', 28, '2016-08-16', '10946'),
(948, 'Demetria', 'Abbey', 'Female', 'United States', 32, '2015-05-21', '10947'),
(949, 'Jeromy', 'Danz', 'Male', 'United States', 39, '2017-10-15', '10948'),
(950, 'Rasheeda', 'Alkire', 'Female', 'United States', 29, '2016-08-16', '10949'),
(951, 'Dulce', 'Abril', 'Female', 'United States', 32, '2017-10-15', '10950'),
(952, 'Mara', 'Hashimoto', 'Female', 'Great Britain', 25, '2016-08-16', '10951'),
(953, 'Philip', 'Gent', 'Male', 'France', 36, '2015-05-21', '10952'),
(954, 'Kathleen', 'Hanner', 'Female', 'United States', 25, '2017-10-15', '10953'),
(955, 'Nereida', 'Magwood', 'Female', 'United States', 58, '2016-08-16', '10954'),
(956, 'Gaston', 'Brumm', 'Male', 'United States', 24, '2015-05-21', '10955'),
(957, 'Etta', 'Hurn', 'Female', 'Great Britain', 56, '2017-10-15', '10956'),
(958, 'Earlean', 'Melgar', 'Female', 'United States', 27, '2016-08-16', '10957'),
(959, 'Vincenza', 'Weiland', 'Female', 'United States', 40, '2015-05-21', '10958'),
(960, 'Fallon', 'Winward', 'Female', 'Great Britain', 28, '2016-08-16', '10959'),
(961, 'Arcelia', 'Bouska', 'Female', 'Great Britain', 39, '2015-05-21', '10960'),
(962, 'Franklyn', 'Unknow', 'Male', 'France', 38, '2017-10-15', '10961'),
(963, 'Sherron', 'Ascencio', 'Female', 'Great Britain', 32, '2016-08-16', '10962'),
(964, 'Marcel', 'Zabriskie', 'Male', 'Great Britain', 26, '2015-05-21', '10963'),
(965, 'Kina', 'Hazelton', 'Female', 'Great Britain', 31, '2016-08-16', '10964'),
(966, 'Shavonne', 'Pia', 'Female', 'France', 24, '2015-05-21', '10965'),
(967, 'Shavon', 'Benito', 'Female', 'France', 39, '2017-10-15', '10966'),
(968, 'Lauralee', 'Perrine', 'Female', 'Great Britain', 28, '2016-08-16', '10967'),
(969, 'Loreta', 'Curren', 'Female', 'France', 26, '2015-05-21', '10968'),
(970, 'Teresa', 'Strawn', 'Female', 'France', 46, '2015-05-21', '10969'),
(971, 'Belinda', 'Partain', 'Female', 'United States', 37, '2017-10-15', '10970'),
(972, 'Holly', 'Eudy', 'Female', 'United States', 52, '2016-08-16', '10971'),
(973, 'Many', 'Cuccia', 'Female', 'Great Britain', 46, '2015-05-21', '10972'),
(974, 'Libbie', 'Dalby', 'Female', 'France', 42, '2015-05-21', '10973'),
(975, 'Lester', 'Prothro', 'Male', 'France', 21, '2017-10-15', '10974'),
(976, 'Marvel', 'Hail', 'Female', 'Great Britain', 28, '2016-08-16', '10975'),
(977, 'Angelyn', 'Vong', 'Female', 'United States', 29, '2015-05-21', '10976'),
(978, 'Francesca', 'Beaudreau', 'Female', 'France', 23, '2017-10-15', '10977'),
(979, 'Garth', 'Gangi', 'Male', 'United States', 41, '2016-08-16', '10978'),
(980, 'Carla', 'Trumbull', 'Female', 'Great Britain', 28, '2015-05-21', '10979'),
(981, 'Veta', 'Muntz', 'Female', 'Great Britain', 37, '2017-10-15', '10980'),
(982, 'Stasia', 'Becker', 'Female', 'Great Britain', 34, '2016-08-16', '10981'),
(983, 'Jona', 'Grindle', 'Female', 'Great Britain', 26, '2015-05-21', '10982'),
(984, 'Judie', 'Claywell', 'Female', 'France', 35, '2016-08-16', '10983'),
(985, 'Dewitt', 'Borger', 'Male', 'United States', 36, '2015-05-21', '10984'),
(986, 'Nena', 'Hacker', 'Female', 'United States', 29, '2017-10-15', '10985'),
(987, 'Kelsie', 'Wachtel', 'Female', 'France', 27, '2016-08-16', '10986'),
(988, 'Sau', 'Pfau', 'Female', 'United States', 25, '2015-05-21', '10987'),
(989, 'Shanice', 'Mccrystal', 'Female', 'United States', 36, '2015-05-21', '10988'),
(990, 'Chase', 'Karner', 'Male', 'United States', 37, '2017-10-15', '10989'),
(991, 'Tommie', 'Underdahl', 'Male', 'United States', 26, '2016-08-16', '10990'),
(992, 'Dorcas', 'Darity', 'Female', 'United States', 37, '2015-05-21', '10991'),
(993, 'Angel', 'Sanor', 'Male', 'France', 24, '2017-10-15', '10992'),
(994, 'Willodean', 'Harn', 'Female', 'United States', 39, '2016-08-16', '10993'),
(995, 'Weston', 'Martina', 'Male', 'United States', 26, '2015-05-21', '10994'),
(996, 'Roma', 'Lafollette', 'Female', 'United States', 34, '2017-10-15', '10995'),
(997, 'Felisa', 'Cail', 'Female', 'United States', 28, '2016-08-16', '10996'),
(998, 'Demetria', 'Abbey', 'Female', 'United States', 32, '2015-05-21', '10997'),
(999, 'Jeromy', 'Danz', 'Male', 'United States', 39, '2017-10-15', '10998'),
(1000, 'Rasheeda', 'Alkire', 'Female', 'United States', 29, '2016-08-16', '10999');

--
-- Dökümü yapılmış tablolar için indeksler
--

--
-- Tablo için indeksler `bolumler`
--
ALTER TABLE `bolumler`
  ADD PRIMARY KEY (`bolum_id`);

--
-- Tablo için indeksler `doktorlar`
--
ALTER TABLE `doktorlar`
  ADD PRIMARY KEY (`doktor_id`);

--
-- Tablo için indeksler `hastalar`
--
ALTER TABLE `hastalar`
  ADD PRIMARY KEY (`hasta_no`);

--
-- Dökümü yapılmış tablolar için AUTO_INCREMENT değeri
--

--
-- Tablo için AUTO_INCREMENT değeri `bolumler`
--
ALTER TABLE `bolumler`
  MODIFY `bolum_id` bigint(20) UNSIGNED NOT NULL AUTO_INCREMENT, AUTO_INCREMENT=11;

--
-- Tablo için AUTO_INCREMENT değeri `doktorlar`
--
ALTER TABLE `doktorlar`
  MODIFY `doktor_id` bigint(20) UNSIGNED NOT NULL AUTO_INCREMENT, AUTO_INCREMENT=22;
COMMIT;

/*!40101 SET CHARACTER_SET_CLIENT=@OLD_CHARACTER_SET_CLIENT */;
/*!40101 SET CHARACTER_SET_RESULTS=@OLD_CHARACTER_SET_RESULTS */;
/*!40101 SET COLLATION_CONNECTION=@OLD_COLLATION_CONNECTION */;
